#
# There is insufficient memory for the Java Runtime Environment to continue.
# Native memory allocation (malloc) failed to allocate 1048576 bytes. Error detail: AllocateHeap
# Possible reasons:
#   The system is out of physical RAM or swap space
#   This process is running with CompressedOops enabled, and the Java Heap may be blocking the growth of the native heap
# Possible solutions:
#   Reduce memory load on the system
#   Increase physical memory or swap space
#   Check if swap backing store is full
#   Decrease Java heap size (-Xmx/-Xms)
#   Decrease number of Java threads
#   Decrease Java thread stack sizes (-Xss)
#   Set larger code cache with -XX:ReservedCodeCacheSize=
#   JVM is running with Unscaled Compressed Oops mode in which the Java heap is
#     placed in the first 4GB address space. The Java Heap base address is the
#     maximum limit for the native heap growth. Please use -XX:HeapBaseMinAddress
#     to set the Java Heap base and to place the Java Heap above 4GB virtual address.
# This output file may be truncated or incomplete.
#
#  Out of Memory Error (allocation.cpp:44), pid=23492, tid=380
#
# JRE version: OpenJDK Runtime Environment Microsoft-14940689 (17.0.20.1+1) (build 17.0.20.1+1-LTS)
# Java VM: OpenJDK 64-Bit Server VM Microsoft-14940689 (17.0.20.1+1-LTS, mixed mode, sharing, tiered, compressed oops, compressed class ptrs, g1 gc, windows-amd64)
# No core dump will be written. Minidumps are not enabled by default on client versions of Windows
#

---------------  S U M M A R Y ------------

Command Line: --add-opens=java.base/java.lang=ALL-UNNAMED --add-opens=java.base/java.lang.invoke=ALL-UNNAMED --add-opens=java.base/java.util=ALL-UNNAMED --add-opens=java.prefs/java.util.prefs=ALL-UNNAMED --add-exports=jdk.compiler/com.sun.tools.javac.api=ALL-UNNAMED --add-exports=jdk.compiler/com.sun.tools.javac.util=ALL-UNNAMED --add-opens=java.base/java.util=ALL-UNNAMED --add-opens=java.prefs/java.util.prefs=ALL-UNNAMED --add-opens=java.base/java.nio.charset=ALL-UNNAMED --add-opens=java.base/java.net=ALL-UNNAMED --add-opens=java.base/java.util.concurrent.atomic=ALL-UNNAMED --add-opens=java.xml/javax.xml.namespace=ALL-UNNAMED -XX:MaxMetaspaceSize=512m -Xmx2048m -Dfile.encoding=windows-1252 -Duser.country=US -Duser.language=en -Duser.variant -javaagent:C:\Users\aadit\.gradle\wrapper\dists\gradle-8.14.3-bin\cv11ve7ro1n3o1j4so8xd9n66\gradle-8.14.3\lib\agents\gradle-instrumentation-agent-8.14.3.jar org.gradle.launcher.daemon.bootstrap.GradleDaemon 8.14.3

Host: 12th Gen Intel(R) Core(TM) i7-12650H, 16 cores, 15G,  Windows 11 , 64 bit Build 26100 (10.0.26100.9549)
Time: Thu Oct  1 19:20:31 2026 India Standard Time elapsed time: 86.102446 seconds (0d 0h 1m 26s)

---------------  T H R E A D  ---------------

Current thread (0x0000022fec7afbe0):  JavaThread "Service Thread" daemon [_thread_in_vm, id=380, stack(0x0000007ddbb00000,0x0000007ddbc00000)]

Stack: [0x0000007ddbb00000,0x0000007ddbc00000]
Native frames: (J=compiled Java code, j=interpreted, Vv=VM code, C=native code)
V  [jvm.dll+0x68d159]  (no source info available)
V  [jvm.dll+0x8462c9]  (no source info available)
V  [jvm.dll+0x84803b]  (no source info available)
V  [jvm.dll+0x8486c3]  (no source info available)
V  [jvm.dll+0x24d12f]  (no source info available)
V  [jvm.dll+0xa9497]  (no source info available)
V  [jvm.dll+0x773803]  (no source info available)
V  [jvm.dll+0x7b5a76]  (no source info available)
V  [jvm.dll+0x7b5379]  (no source info available)
V  [jvm.dll+0x6f4524]  (no source info available)
V  [jvm.dll+0x7fc40b]  (no source info available)
V  [jvm.dll+0x7f67dc]  (no source info available)
V  [jvm.dll+0x68e6f7]  (no source info available)
C  [ucrtbase.dll+0x2cd30]  (no source info available)
C  [KERNEL32.DLL+0x2cdf7]  (no source info available)
C  [ntdll.dll+0x7ee4c]  (no source info available)


---------------  P R O C E S S  ---------------

Threads class SMR info:
_java_thread_list=0x0000022faac390a0, length=372, elements={
0x0000022fce3c8700, 0x0000022fec798640, 0x0000022fec799110, 0x0000022fec7aca30,
0x0000022fec7af310, 0x0000022fec7afbe0, 0x0000022fec7b24c0, 0x0000022fec7b30c0,
0x0000022fec7cb570, 0x0000022fed451f60, 0x0000022fec7821f0, 0x0000022fed6d9210,
0x0000022ff344fd50, 0x0000022ff31d60b0, 0x0000022ff31d6590, 0x0000022ff3a346c0,
0x0000022ff3b8d010, 0x0000022ff2b3d050, 0x0000022ff2b39db0, 0x0000022ff2b3ace0,
0x0000022ff2b3a2c0, 0x0000022ff2b3a7d0, 0x0000022ff3c930a0, 0x0000022ff3c8fe00,
0x0000022ff3c92680, 0x0000022ff3c91750, 0x0000022ff3c935b0, 0x0000022ff3c90d30,
0x0000022ff3c92170, 0x0000022ff3c95920, 0x0000022ff3c97270, 0x0000022ff3c944e0,
0x0000022ff3c94f00, 0x0000022ff2b3b1f0, 0x0000022ff2b3cb40, 0x0000022ff2b3b700,
0x0000022ff4c7e870, 0x0000022ff4c7c500, 0x0000022ff4c7ed80, 0x0000022ff4c7ca10,
0x0000022ff4c7cf20, 0x0000022ff4c7d430, 0x0000022ff4c7b5d0, 0x0000022ff4c7e360,
0x0000022ff4c7d940, 0x0000022ff4c7bff0, 0x0000022ff4c7f290, 0x0000022ff4c7bae0,
0x0000022ff4c80be0, 0x0000022ff4c7f7a0, 0x0000022ff4c810f0, 0x0000022ff4c7de50,
0x0000022ff4c7fcb0, 0x0000022ff4c82020, 0x0000022ff4c81600, 0x0000022ff4c81b10,
0x0000022ff4c82530, 0x0000022ff4c82a40, 0x0000022ff4c806d0, 0x0000022ff4c801c0,
0x0000022ff968aea0, 0x0000022ff968d720, 0x0000022ff968c2e0, 0x0000022ff968dc30,
0x0000022ff968b3b0, 0x0000022ff968e650, 0x0000022ff968bdd0, 0x0000022ff968c7f0,
0x0000022ff968cd00, 0x0000022ff968d210, 0x0000022ff968e140, 0x0000022ff968f070,
0x0000022ff968eb60, 0x0000022ff968b8c0, 0x0000022ff9691e00, 0x0000022ff968ffa0,
0x0000022ff96913e0, 0x0000022ff9692310, 0x0000022ff968f580, 0x0000022ff96918f0,
0x0000022ff968fa90, 0x0000022ff9692820, 0x0000022ff9690ed0, 0x0000022ff96904b0,
0x0000022ff96909c0, 0x0000022fed6409a0, 0x0000022fed6422f0, 0x0000022fed642d10,
0x0000022fed640490, 0x0000022fed6418d0, 0x0000022fed641de0, 0x0000022fed642800,
0x0000022fed643c40, 0x0000022fed644660, 0x0000022fed640eb0, 0x0000022fed645aa0,
0x0000022fed646ee0, 0x0000022fed6473f0, 0x0000022fed644b70, 0x0000022fed6469d0,
0x0000022fed6464c0, 0x0000022fed647e10, 0x0000022fed645080, 0x0000022fed647900,
0x0000022fed645590, 0x0000022fed645fb0, 0x0000022ff7b3ddd0, 0x0000022ff7b3bf70,
0x0000022ff7b3c480, 0x0000022ff7b3ab30, 0x0000022ff7b3b040, 0x0000022ff7b3d3b0,
0x0000022ff7b3d8c0, 0x0000022ff7b3a620, 0x0000022ff7b3b550, 0x0000022ff7b3f210,
0x0000022ff7b3ed00, 0x0000022ff7b41070, 0x0000022ff7b3e7f0, 0x0000022ff7b3f720,
0x0000022ff7b40650, 0x0000022ff7b41580, 0x0000022ff7b3fc30, 0x0000022ff7b41a90,
0x0000022ff7b40140, 0x0000022ff7b3e2e0, 0x0000022ff7b40b60, 0x0000022ff7b41fa0,
0x0000022ff4bd8ec0, 0x0000022ff4bdb740, 0x0000022ff4bd89b0, 0x0000022ff4bdb230,
0x0000022ff4bd93d0, 0x0000022ff4bd84a0, 0x0000022ff4bd9df0, 0x0000022ff4bdbc50,
0x0000022ff4bdc160, 0x0000022ff4bdad20, 0x0000022ff4bd98e0, 0x0000022ff4bdf910,
0x0000022ff4bdfe20, 0x0000022ff4bdd090, 0x0000022ff4bdc670, 0x0000022ff4bde4d0,
0x0000022ff4bddfc0, 0x0000022ff4bde9e0, 0x0000022ff3c90820, 0x0000022ff3c92b90,
0x0000022ff3c96340, 0x0000022ff2b398a0, 0x0000022ffac9ad20, 0x0000022ffac984a0,
0x0000022ffac989b0, 0x0000022ffac998e0, 0x0000022ffac98ec0, 0x0000022ffac993d0,
0x0000022ffac99df0, 0x0000022ffac9a300, 0x0000022ffac97f90, 0x0000022ffac9a810,
0x0000022ffac97570, 0x0000022ffac9b230, 0x0000022ffac97a80, 0x0000022ffac9b740,
0x0000022ffac9d5a0, 0x0000022ffac9dfc0, 0x0000022ffac9d090, 0x0000022ffac9e4d0,
0x0000022ffac9c670, 0x0000022ffac9cb80, 0x0000022ffac9bc50, 0x0000022ffac9e9e0,
0x0000022ffac9eef0, 0x0000022ffac9dab0, 0x0000022ffac9c160, 0x0000022ff4bdeef0,
0x0000022ff987d310, 0x0000022ff987ce00, 0x0000022ff987e240, 0x0000022ff987aa90,
0x0000022ff987e750, 0x0000022ff987c3e0, 0x0000022ff987afa0, 0x0000022ff987dd30,
0x0000022ff987c8f0, 0x0000022ff987ec60, 0x0000022ff987b4b0, 0x0000022ff987d820,
0x0000022ff987f170, 0x0000022ff987b9c0, 0x0000022ff987f680, 0x0000022ff987bed0,
0x0000022ff9880fd0, 0x0000022ff9881f00, 0x0000022ff987fb90, 0x0000022ff9880ac0,
0x0000022ff98819f0, 0x0000022ff98800a0, 0x0000022ff9882410, 0x0000022ff98805b0,
0x0000022ff98814e0, 0x0000022ff539bf90, 0x0000022ff539c4a0, 0x0000022ff539e810,
0x0000022ff539ddf0, 0x0000022ff539fc50, 0x0000022ff539e300, 0x0000022ff53a0160,
0x0000022ff539ed20, 0x0000022ff539cec0, 0x0000022ff539f230, 0x0000022ff539c9b0,
0x0000022ff539f740, 0x0000022ff53a0b80, 0x0000022ff53a0670, 0x0000022ff539d3d0,
0x0000022ff53a1090, 0x0000022ff539d8e0, 0x0000022ff53a1fc0, 0x0000022ff53a24d0,
0x0000022ff53a4330, 0x0000022ff53a29e0, 0x0000022ff53a2ef0, 0x0000022ff53a4d50,
0x0000022ff53a3400, 0x0000022ff53a3910, 0x0000022ff53a3e20, 0x0000022ff53a15a0,
0x0000022ff53a5260, 0x0000022ff53a4840, 0x0000022ff53a5770, 0x0000022ff53a8a10,
0x0000022ff53a75d0, 0x0000022ff53a70c0, 0x0000022ff53a8500, 0x0000022ff53a9430,
0x0000022ff53a66a0, 0x0000022ff53aa870, 0x0000022ff53aad80, 0x0000022ff7d03fd0,
0x0000022ff7d030a0, 0x0000022ff7d035b0, 0x0000022ff7d049f0, 0x0000022ff7d01240,
0x0000022ff7d04f00, 0x0000022ff7d01750, 0x0000022ff7d05410, 0x0000022ff7d01c60,
0x0000022ff7d07c90, 0x0000022ff7d090d0, 0x0000022ff7d095e0, 0x0000022ff7d06850,
0x0000022ff7d0b440, 0x0000022ff7d0c370, 0x0000022ff7d0dcc0, 0x0000022ff7d0d7b0,
0x0000022ff7d0e1d0, 0x0000022ff7d0e6e0, 0x0000022ff7d0af30, 0x0000022ff7d0ebf0,
0x0000022ff7d0f100, 0x0000022ff7d0fb20, 0x0000022ff7d10540, 0x0000022ff53a6190,
0x0000022ff53a9e50, 0x0000022ff53a6bb0, 0x0000022ff3c90310, 0x0000022ff8348080,
0x0000022ff8348aa0, 0x0000022ff83499d0, 0x0000022ff8346730, 0x0000022ff8347150,
0x0000022ff83494c0, 0x0000022ff8349ee0, 0x0000022ff8346c40, 0x0000022ff8348590,
0x0000022ff834ae10, 0x0000022ff8347b70, 0x0000022ff834c250, 0x0000022ff834c760,
0x0000022ff8348fb0, 0x0000022ff834d690, 0x0000022ff834d180, 0x0000022ff834dba0,
0x0000022ff834a900, 0x0000022ff8350930, 0x0000022ff834fa00, 0x0000022ff83531b0,
0x0000022ff8353bd0, 0x0000022ff8350e40, 0x0000022ff8350420, 0x0000022ff83536c0,
0x0000022ff8351860, 0x0000022ff8351d70, 0x0000022ff8355010, 0x0000022ff83540e0,
0x0000022ff83545f0, 0x0000022ff8352790, 0x0000022ff8355520, 0x0000022ff8354b00,
0x0000022ff8355a30, 0x0000022ff8352280, 0x0000022ff8355f40, 0x0000022ff8352ca0,
0x0000022ff7d09af0, 0x0000022ff7d06d60, 0x0000022ff7d10030, 0x0000022ff4bda810,
0x0000022ff4bda300, 0x0000022fed6413c0, 0x0000022fa0aed6c0, 0x0000022fa0aedbd0,
0x0000022fa0aeff40, 0x0000022fa0af0450, 0x0000022fa0af0960, 0x0000022fa0aeeb00,
0x0000022fa0aed1b0, 0x0000022fa0af0e70, 0x0000022fa0aef520, 0x0000022fa0aefa30,
0x0000022fa0af1380, 0x0000022fa0af1890, 0x0000022fa0aee0e0, 0x0000022fa0af1da0,
0x0000022fa0aef010, 0x0000022fa0aee5f0, 0x0000022fa0af2cd0, 0x0000022fa0af36f0,
0x0000022fa0af31e0, 0x0000022fa0af22b0, 0x0000022fa0af3c00, 0x0000022fa0af4110,
0x0000022fa0af4620, 0x0000022fa0af4b30, 0x0000022fa0af27c0, 0x0000022ffa1b2e70,
0x0000022ffa1b3890, 0x0000022ffa1b7040, 0x0000022ff9cb5270, 0x0000022ff9cb67b0,
0x0000022ff9cb37e0, 0x0000022ff9cb77a0, 0x0000022ff9cb7cf0, 0x0000022ffa1b7550,
0x0000022ffa1b8ea0, 0x0000022ffa1b5c00, 0x0000022ffa1b6110, 0x0000022ffa1b6620,
0x0000022ffa1b6b30, 0x0000022ff834f4f0, 0x0000022ff834cc70, 0x0000022ff834bd40,
0x0000022ff4bdd5a0, 0x0000022ff4bdf400, 0x0000022ff4bdcb80, 0x0000022ff7d0a000,
0x0000022ff2b3c630, 0x0000022ff944a140, 0x0000022ff944c4b0, 0x0000022ff944a650,
0x0000022ff944ba90, 0x0000022ff9453920, 0x0000022ff9453e30, 0x0000022ff94515b0,
0x0000022ff9451fd0, 0x0000022ff9450680, 0x0000022ff9453410, 0x0000022ff9458000,
0x0000022ff945fe90, 0x0000022ff94617e0, 0x0000022ff94612d0, 0x0000022ff945e540
}

Java Threads: ( => current thread )
  0x0000022fce3c8700 JavaThread "main" [_thread_blocked, id=31656, stack(0x0000007ddb000000,0x0000007ddb100000)]
  0x0000022fec798640 JavaThread "Reference Handler" daemon [_thread_blocked, id=14144, stack(0x0000007ddb700000,0x0000007ddb800000)]
  0x0000022fec799110 JavaThread "Finalizer" daemon [_thread_blocked, id=23728, stack(0x0000007ddb800000,0x0000007ddb900000)]
  0x0000022fec7aca30 JavaThread "Signal Dispatcher" daemon [_thread_blocked, id=10276, stack(0x0000007ddb900000,0x0000007ddba00000)]
  0x0000022fec7af310 JavaThread "Attach Listener" daemon [_thread_blocked, id=14348, stack(0x0000007ddba00000,0x0000007ddbb00000)]
=>0x0000022fec7afbe0 JavaThread "Service Thread" daemon [_thread_in_vm, id=380, stack(0x0000007ddbb00000,0x0000007ddbc00000)]
  0x0000022fec7b24c0 JavaThread "Monitor Deflation Thread" daemon [_thread_blocked, id=23424, stack(0x0000007ddbc00000,0x0000007ddbd00000)]
  0x0000022fec7b30c0 JavaThread "C2 CompilerThread0" daemon [_thread_in_native, id=2028, stack(0x0000007ddbd00000,0x0000007ddbe00000)]
  0x0000022fec7cb570 JavaThread "C1 CompilerThread0" daemon [_thread_blocked, id=18096, stack(0x0000007ddbe00000,0x0000007ddbf00000)]
  0x0000022fed451f60 JavaThread "Sweeper thread" daemon [_thread_blocked, id=10456, stack(0x0000007ddbf00000,0x0000007ddc000000)]
  0x0000022fec7821f0 JavaThread "Common-Cleaner" daemon [_thread_blocked, id=20524, stack(0x0000007ddc000000,0x0000007ddc100000)]
  0x0000022fed6d9210 JavaThread "Notification Thread" daemon [_thread_blocked, id=7588, stack(0x0000007ddc500000,0x0000007ddc600000)]
  0x0000022ff344fd50 JavaThread "Daemon health stats" [_thread_blocked, id=31204, stack(0x0000007ddc800000,0x0000007ddc900000)]
  0x0000022ff31d60b0 JavaThread "Incoming local TCP Connector on port 52050" [_thread_in_native, id=29816, stack(0x0000007ddc900000,0x0000007ddca00000)]
  0x0000022ff31d6590 JavaThread "Daemon periodic checks" [_thread_blocked, id=2228, stack(0x0000007ddd200000,0x0000007ddd300000)]
  0x0000022ff3a346c0 JavaThread "Daemon" [_thread_blocked, id=9136, stack(0x0000007ddd300000,0x0000007ddd400000)]
  0x0000022ff3b8d010 JavaThread "Handler for socket connection from /127.0.0.1:52050 to /127.0.0.1:52051" [_thread_in_native, id=15768, stack(0x0000007ddd400000,0x0000007ddd500000)]
  0x0000022ff2b3d050 JavaThread "Cancel handler" [_thread_blocked, id=32392, stack(0x0000007ddd500000,0x0000007ddd600000)]
  0x0000022ff2b39db0 JavaThread "Daemon worker" [_thread_blocked, id=22124, stack(0x0000007ddd600000,0x0000007ddd700000)]
  0x0000022ff2b3ace0 JavaThread "Asynchronous log dispatcher for DefaultDaemonConnection: socket connection from /127.0.0.1:52050 to /127.0.0.1:52051" [_thread_blocked, id=23756, stack(0x0000007ddd700000,0x0000007ddd800000)]
  0x0000022ff2b3a2c0 JavaThread "Stdin handler" [_thread_blocked, id=21760, stack(0x0000007ddd800000,0x0000007ddd900000)]
  0x0000022ff2b3a7d0 JavaThread "Daemon client event forwarder" [_thread_blocked, id=17156, stack(0x0000007ddd900000,0x0000007ddda00000)]
  0x0000022ff3c930a0 JavaThread "Cache worker for journal cache (C:\Users\aadit\.gradle\caches\journal-1)" [_thread_blocked, id=18704, stack(0x0000007ddda00000,0x0000007dddb00000)]
  0x0000022ff3c8fe00 JavaThread "File lock request listener" [_thread_in_native, id=13744, stack(0x0000007dddb00000,0x0000007dddc00000)]
  0x0000022ff3c92680 JavaThread "Cache worker for file hash cache (C:\Users\aadit\.gradle\caches\8.14.3\fileHashes)" [_thread_blocked, id=26740, stack(0x0000007dddc00000,0x0000007dddd00000)]
  0x0000022ff3c91750 JavaThread "Cache worker for file hash cache (D:\holkar science clg indore\student-mobile-app\android\.gradle\8.14.3\fileHashes)" [_thread_blocked, id=12048, stack(0x0000007dddd00000,0x0000007ddde00000)]
  0x0000022ff3c935b0 JavaThread "Cache worker for Build Output Cleanup Cache (D:\holkar science clg indore\student-mobile-app\android\.gradle\buildOutputCleanup)" [_thread_blocked, id=23312, stack(0x0000007ddde00000,0x0000007dddf00000)]
  0x0000022ff3c90d30 JavaThread "File watcher server" daemon [_thread_in_native, id=2824, stack(0x0000007dde500000,0x0000007dde600000)]
  0x0000022ff3c92170 JavaThread "File watcher consumer" daemon [_thread_blocked, id=2800, stack(0x0000007dde600000,0x0000007dde700000)]
  0x0000022ff3c95920 JavaThread "jar transforms" [_thread_blocked, id=30256, stack(0x0000007ddea00000,0x0000007ddeb00000)]
  0x0000022ff3c97270 JavaThread "Cache worker for checksums cache (D:\holkar science clg indore\student-mobile-app\android\.gradle\8.14.3\checksums)" [_thread_blocked, id=14704, stack(0x0000007ddeb00000,0x0000007ddec00000)]
  0x0000022ff3c944e0 JavaThread "Cache worker for file content cache (C:\Users\aadit\.gradle\caches\8.14.3\fileContent)" [_thread_blocked, id=24404, stack(0x0000007ddec00000,0x0000007dded00000)]
  0x0000022ff3c94f00 JavaThread "Exec process" [_thread_blocked, id=13256, stack(0x0000007dded00000,0x0000007ddee00000)]
  0x0000022ff2b3b1f0 JavaThread "Exec process Thread 2" [_thread_blocked, id=12132, stack(0x0000007ddee00000,0x0000007ddef00000)]
  0x0000022ff2b3cb40 JavaThread "Exec process Thread 3" [_thread_blocked, id=29384, stack(0x0000007ddef00000,0x0000007ddf000000)]
  0x0000022ff2b3b700 JavaThread "Cache worker for cache directory md-supplier (C:\Users\aadit\.gradle\caches\8.14.3\md-supplier)" [_thread_blocked, id=27424, stack(0x0000007ddc700000,0x0000007ddc800000)]
  0x0000022ff4c7e870 JavaThread "Cache worker for cache directory md-rule (C:\Users\aadit\.gradle\caches\8.14.3\md-rule)" [_thread_blocked, id=22588, stack(0x0000007dde700000,0x0000007dde800000)]
  0x0000022ff4c7c500 JavaThread "Cache worker for Build Output Cleanup Cache (D:\holkar science clg indore\student-mobile-app\node_modules\@react-native\gradle-plugin\.gradle\buildOutputCleanup)" [_thread_blocked, id=16756, stack(0x0000007dde800000,0x0000007dde900000)]
  0x0000022ff4c7ed80 JavaThread "Unconstrained build operations" [_thread_blocked, id=21852, stack(0x0000007ddf000000,0x0000007ddf100000)]
  0x0000022ff4c7ca10 JavaThread "Unconstrained build operations Thread 2" [_thread_blocked, id=17488, stack(0x0000007ddf100000,0x0000007ddf200000)]
  0x0000022ff4c7cf20 JavaThread "Unconstrained build operations Thread 3" [_thread_blocked, id=13156, stack(0x0000007ddf200000,0x0000007ddf300000)]
  0x0000022ff4c7d430 JavaThread "Unconstrained build operations Thread 4" [_thread_blocked, id=6516, stack(0x0000007ddf300000,0x0000007ddf400000)]
  0x0000022ff4c7b5d0 JavaThread "Unconstrained build operations Thread 5" [_thread_blocked, id=32084, stack(0x0000007ddf400000,0x0000007ddf500000)]
  0x0000022ff4c7e360 JavaThread "Unconstrained build operations Thread 6" [_thread_blocked, id=19208, stack(0x0000007ddf500000,0x0000007ddf600000)]
  0x0000022ff4c7d940 JavaThread "Cache worker for Build Output Cleanup Cache (D:\holkar science clg indore\student-mobile-app\node_modules\expo-modules-autolinking\android\expo-gradle-plugin\.gradle\buildOutputCleanup)" [_thread_blocked, id=25708, stack(0x0000007ddf600000,0x0000007ddf700000)]
  0x0000022ff4c7bff0 JavaThread "Unconstrained build operations Thread 7" [_thread_blocked, id=14660, stack(0x0000007ddf700000,0x0000007ddf800000)]
  0x0000022ff4c7f290 JavaThread "Unconstrained build operations Thread 8" [_thread_blocked, id=14616, stack(0x0000007ddf800000,0x0000007ddf900000)]
  0x0000022ff4c7bae0 JavaThread "Unconstrained build operations Thread 9" [_thread_blocked, id=15224, stack(0x0000007ddf900000,0x0000007ddfa00000)]
  0x0000022ff4c80be0 JavaThread "Unconstrained build operations Thread 10" [_thread_blocked, id=28280, stack(0x0000007ddfa00000,0x0000007ddfb00000)]
  0x0000022ff4c7f7a0 JavaThread "Unconstrained build operations Thread 11" [_thread_blocked, id=15480, stack(0x0000007ddfb00000,0x0000007ddfc00000)]
  0x0000022ff4c810f0 JavaThread "Unconstrained build operations Thread 12" [_thread_blocked, id=4720, stack(0x0000007ddfc00000,0x0000007ddfd00000)]
  0x0000022ff4c7de50 JavaThread "Unconstrained build operations Thread 13" [_thread_blocked, id=14420, stack(0x0000007ddfd00000,0x0000007ddfe00000)]
  0x0000022ff4c7fcb0 JavaThread "Unconstrained build operations Thread 14" [_thread_blocked, id=20620, stack(0x0000007ddfe00000,0x0000007ddff00000)]
  0x0000022ff4c82020 JavaThread "Unconstrained build operations Thread 15" [_thread_blocked, id=17888, stack(0x0000007ddff00000,0x0000007de0000000)]
  0x0000022ff4c81600 JavaThread "Unconstrained build operations Thread 16" [_thread_blocked, id=2852, stack(0x0000007de0000000,0x0000007de0100000)]
  0x0000022ff4c81b10 JavaThread "Unconstrained build operations Thread 17" [_thread_blocked, id=29604, stack(0x0000007de0100000,0x0000007de0200000)]
  0x0000022ff4c82530 JavaThread "Unconstrained build operations Thread 18" [_thread_blocked, id=7304, stack(0x0000007de0200000,0x0000007de0300000)]
  0x0000022ff4c82a40 JavaThread "Unconstrained build operations Thread 19" [_thread_blocked, id=20652, stack(0x0000007de0300000,0x0000007de0400000)]
  0x0000022ff4c806d0 JavaThread "Unconstrained build operations Thread 20" [_thread_blocked, id=30900, stack(0x0000007de0400000,0x0000007de0500000)]
  0x0000022ff4c801c0 JavaThread "Unconstrained build operations Thread 21" [_thread_blocked, id=32160, stack(0x0000007de0500000,0x0000007de0600000)]
  0x0000022ff968aea0 JavaThread "Unconstrained build operations Thread 22" [_thread_blocked, id=5200, stack(0x0000007de0600000,0x0000007de0700000)]
  0x0000022ff968d720 JavaThread "Unconstrained build operations Thread 23" [_thread_blocked, id=13108, stack(0x0000007de0700000,0x0000007de0800000)]
  0x0000022ff968c2e0 JavaThread "Unconstrained build operations Thread 24" [_thread_blocked, id=28384, stack(0x0000007de0800000,0x0000007de0900000)]
  0x0000022ff968dc30 JavaThread "Unconstrained build operations Thread 25" [_thread_blocked, id=18144, stack(0x0000007de0900000,0x0000007de0a00000)]
  0x0000022ff968b3b0 JavaThread "Unconstrained build operations Thread 26" [_thread_blocked, id=24948, stack(0x0000007de0a00000,0x0000007de0b00000)]
  0x0000022ff968e650 JavaThread "Unconstrained build operations Thread 27" [_thread_blocked, id=30376, stack(0x0000007de0b00000,0x0000007de0c00000)]
  0x0000022ff968bdd0 JavaThread "Unconstrained build operations Thread 28" [_thread_blocked, id=24712, stack(0x0000007de0c00000,0x0000007de0d00000)]
  0x0000022ff968c7f0 JavaThread "Unconstrained build operations Thread 29" [_thread_blocked, id=15372, stack(0x0000007de0d00000,0x0000007de0e00000)]
  0x0000022ff968cd00 JavaThread "Unconstrained build operations Thread 30" [_thread_blocked, id=26696, stack(0x0000007de0e00000,0x0000007de0f00000)]
  0x0000022ff968d210 JavaThread "Unconstrained build operations Thread 31" [_thread_blocked, id=4612, stack(0x0000007de0f00000,0x0000007de1000000)]
  0x0000022ff968e140 JavaThread "Unconstrained build operations Thread 32" [_thread_blocked, id=18000, stack(0x0000007de1000000,0x0000007de1100000)]
  0x0000022ff968f070 JavaThread "Unconstrained build operations Thread 33" [_thread_blocked, id=4528, stack(0x0000007de1100000,0x0000007de1200000)]
  0x0000022ff968eb60 JavaThread "Unconstrained build operations Thread 34" [_thread_blocked, id=32620, stack(0x0000007de1200000,0x0000007de1300000)]
  0x0000022ff968b8c0 JavaThread "Unconstrained build operations Thread 35" [_thread_blocked, id=20132, stack(0x0000007de1300000,0x0000007de1400000)]
  0x0000022ff9691e00 JavaThread "Unconstrained build operations Thread 36" [_thread_blocked, id=31024, stack(0x0000007de1400000,0x0000007de1500000)]
  0x0000022ff968ffa0 JavaThread "Unconstrained build operations Thread 37" [_thread_blocked, id=12536, stack(0x0000007de1500000,0x0000007de1600000)]
  0x0000022ff96913e0 JavaThread "Unconstrained build operations Thread 38" [_thread_blocked, id=15720, stack(0x0000007de1600000,0x0000007de1700000)]
  0x0000022ff9692310 JavaThread "Unconstrained build operations Thread 39" [_thread_blocked, id=20660, stack(0x0000007de1700000,0x0000007de1800000)]
  0x0000022ff968f580 JavaThread "Unconstrained build operations Thread 40" [_thread_blocked, id=17088, stack(0x0000007de1800000,0x0000007de1900000)]
  0x0000022ff96918f0 JavaThread "Unconstrained build operations Thread 41" [_thread_blocked, id=16312, stack(0x0000007de1900000,0x0000007de1a00000)]
  0x0000022ff968fa90 JavaThread "Unconstrained build operations Thread 42" [_thread_blocked, id=12116, stack(0x0000007de1a00000,0x0000007de1b00000)]
  0x0000022ff9692820 JavaThread "Unconstrained build operations Thread 43" [_thread_blocked, id=10824, stack(0x0000007de1b00000,0x0000007de1c00000)]
  0x0000022ff9690ed0 JavaThread "Unconstrained build operations Thread 44" [_thread_blocked, id=5824, stack(0x0000007de1c00000,0x0000007de1d00000)]
  0x0000022ff96904b0 JavaThread "Unconstrained build operations Thread 45" [_thread_blocked, id=15332, stack(0x0000007de1d00000,0x0000007de1e00000)]
  0x0000022ff96909c0 JavaThread "Unconstrained build operations Thread 46" [_thread_blocked, id=1812, stack(0x0000007de1e00000,0x0000007de1f00000)]
  0x0000022fed6409a0 JavaThread "Unconstrained build operations Thread 47" [_thread_blocked, id=31112, stack(0x0000007de1f00000,0x0000007de2000000)]
  0x0000022fed6422f0 JavaThread "Unconstrained build operations Thread 48" [_thread_blocked, id=6012, stack(0x0000007de2000000,0x0000007de2100000)]
  0x0000022fed642d10 JavaThread "Unconstrained build operations Thread 49" [_thread_blocked, id=15592, stack(0x0000007de2100000,0x0000007de2200000)]
  0x0000022fed640490 JavaThread "Unconstrained build operations Thread 50" [_thread_blocked, id=9132, stack(0x0000007de2200000,0x0000007de2300000)]
  0x0000022fed6418d0 JavaThread "Unconstrained build operations Thread 51" [_thread_blocked, id=24952, stack(0x0000007de2300000,0x0000007de2400000)]
  0x0000022fed641de0 JavaThread "build event listener" [_thread_blocked, id=22800, stack(0x0000007de2400000,0x0000007de2500000)]
  0x0000022fed642800 JavaThread "Memory manager" [_thread_blocked, id=9460, stack(0x0000007dde900000,0x0000007ddea00000)]
  0x0000022fed643c40 JavaThread "Unconstrained build operations Thread 52" [_thread_blocked, id=22352, stack(0x0000007de2600000,0x0000007de2700000)]
  0x0000022fed644660 JavaThread "Unconstrained build operations Thread 53" [_thread_blocked, id=18672, stack(0x0000007de2700000,0x0000007de2800000)]
  0x0000022fed640eb0 JavaThread "Unconstrained build operations Thread 54" [_thread_blocked, id=2848, stack(0x0000007de2800000,0x0000007de2900000)]
  0x0000022fed645aa0 JavaThread "Unconstrained build operations Thread 55" [_thread_blocked, id=19148, stack(0x0000007de2900000,0x0000007de2a00000)]
  0x0000022fed646ee0 JavaThread "Unconstrained build operations Thread 56" [_thread_blocked, id=25284, stack(0x0000007de2a00000,0x0000007de2b00000)]
  0x0000022fed6473f0 JavaThread "Unconstrained build operations Thread 57" [_thread_blocked, id=11632, stack(0x0000007de2b00000,0x0000007de2c00000)]
  0x0000022fed644b70 JavaThread "Unconstrained build operations Thread 58" [_thread_blocked, id=29192, stack(0x0000007de2c00000,0x0000007de2d00000)]
  0x0000022fed6469d0 JavaThread "Unconstrained build operations Thread 59" [_thread_blocked, id=13760, stack(0x0000007de2d00000,0x0000007de2e00000)]
  0x0000022fed6464c0 JavaThread "Unconstrained build operations Thread 60" [_thread_blocked, id=13952, stack(0x0000007de2e00000,0x0000007de2f00000)]
  0x0000022fed647e10 JavaThread "Unconstrained build operations Thread 61" [_thread_blocked, id=27696, stack(0x0000007de2f00000,0x0000007de3000000)]
  0x0000022fed645080 JavaThread "Unconstrained build operations Thread 62" [_thread_blocked, id=31264, stack(0x0000007de3000000,0x0000007de3100000)]
  0x0000022fed647900 JavaThread "Unconstrained build operations Thread 63" [_thread_blocked, id=32684, stack(0x0000007de3100000,0x0000007de3200000)]
  0x0000022fed645590 JavaThread "Unconstrained build operations Thread 64" [_thread_blocked, id=15524, stack(0x0000007de3200000,0x0000007de3300000)]
  0x0000022fed645fb0 JavaThread "Unconstrained build operations Thread 65" [_thread_blocked, id=10976, stack(0x0000007de3300000,0x0000007de3400000)]
  0x0000022ff7b3ddd0 JavaThread "Unconstrained build operations Thread 66" [_thread_blocked, id=18808, stack(0x0000007de3400000,0x0000007de3500000)]
  0x0000022ff7b3bf70 JavaThread "build event listener" [_thread_blocked, id=3220, stack(0x0000007de3500000,0x0000007de3600000)]
  0x0000022ff7b3c480 JavaThread "Unconstrained build operations Thread 67" [_thread_blocked, id=12032, stack(0x0000007de3600000,0x0000007de3700000)]
  0x0000022ff7b3ab30 JavaThread "Unconstrained build operations Thread 68" [_thread_blocked, id=2772, stack(0x0000007de3700000,0x0000007de3800000)]
  0x0000022ff7b3b040 JavaThread "Unconstrained build operations Thread 69" [_thread_blocked, id=32476, stack(0x0000007de3800000,0x0000007de3900000)]
  0x0000022ff7b3d3b0 JavaThread "Unconstrained build operations Thread 70" [_thread_blocked, id=32020, stack(0x0000007de3900000,0x0000007de3a00000)]
  0x0000022ff7b3d8c0 JavaThread "Unconstrained build operations Thread 71" [_thread_blocked, id=18476, stack(0x0000007de3a00000,0x0000007de3b00000)]
  0x0000022ff7b3a620 JavaThread "Unconstrained build operations Thread 72" [_thread_blocked, id=23332, stack(0x0000007de3b00000,0x0000007de3c00000)]
  0x0000022ff7b3b550 JavaThread "Unconstrained build operations Thread 73" [_thread_blocked, id=13772, stack(0x0000007de3c00000,0x0000007de3d00000)]
  0x0000022ff7b3f210 JavaThread "Unconstrained build operations Thread 74" [_thread_blocked, id=30668, stack(0x0000007de3d00000,0x0000007de3e00000)]
  0x0000022ff7b3ed00 JavaThread "Unconstrained build operations Thread 75" [_thread_blocked, id=4960, stack(0x0000007de3e00000,0x0000007de3f00000)]
  0x0000022ff7b41070 JavaThread "Unconstrained build operations Thread 76" [_thread_blocked, id=5196, stack(0x0000007de3f00000,0x0000007de4000000)]
  0x0000022ff7b3e7f0 JavaThread "Unconstrained build operations Thread 77" [_thread_blocked, id=26860, stack(0x0000007de4000000,0x0000007de4100000)]
  0x0000022ff7b3f720 JavaThread "Unconstrained build operations Thread 78" [_thread_blocked, id=7252, stack(0x0000007de4100000,0x0000007de4200000)]
  0x0000022ff7b40650 JavaThread "Unconstrained build operations Thread 79" [_thread_blocked, id=21800, stack(0x0000007de4200000,0x0000007de4300000)]
  0x0000022ff7b41580 JavaThread "Unconstrained build operations Thread 80" [_thread_blocked, id=2272, stack(0x0000007de4300000,0x0000007de4400000)]
  0x0000022ff7b3fc30 JavaThread "Unconstrained build operations Thread 81" [_thread_blocked, id=16368, stack(0x0000007de4400000,0x0000007de4500000)]
  0x0000022ff7b41a90 JavaThread "Unconstrained build operations Thread 82" [_thread_blocked, id=18716, stack(0x0000007de4500000,0x0000007de4600000)]
  0x0000022ff7b40140 JavaThread "Unconstrained build operations Thread 83" [_thread_blocked, id=30844, stack(0x0000007de4600000,0x0000007de4700000)]
  0x0000022ff7b3e2e0 JavaThread "Unconstrained build operations Thread 84" [_thread_blocked, id=21140, stack(0x0000007de4700000,0x0000007de4800000)]
  0x0000022ff7b40b60 JavaThread "Unconstrained build operations Thread 85" [_thread_blocked, id=11416, stack(0x0000007de4800000,0x0000007de4900000)]
  0x0000022ff7b41fa0 JavaThread "Unconstrained build operations Thread 86" [_thread_blocked, id=9376, stack(0x0000007de4900000,0x0000007de4a00000)]
  0x0000022ff4bd8ec0 JavaThread "Unconstrained build operations Thread 87" [_thread_blocked, id=18708, stack(0x0000007de4a00000,0x0000007de4b00000)]
  0x0000022ff4bdb740 JavaThread "Unconstrained build operations Thread 88" [_thread_blocked, id=17652, stack(0x0000007de4b00000,0x0000007de4c00000)]
  0x0000022ff4bd89b0 JavaThread "Unconstrained build operations Thread 89" [_thread_blocked, id=21440, stack(0x0000007de4c00000,0x0000007de4d00000)]
  0x0000022ff4bdb230 JavaThread "Unconstrained build operations Thread 90" [_thread_blocked, id=12700, stack(0x0000007de4d00000,0x0000007de4e00000)]
  0x0000022ff4bd93d0 JavaThread "ForkJoinPool.commonPool-worker-1" daemon [_thread_blocked, id=17460, stack(0x0000007de5000000,0x0000007de5100000)]
  0x0000022ff4bd84a0 JavaThread "ForkJoinPool.commonPool-worker-2" daemon [_thread_blocked, id=24676, stack(0x0000007de5100000,0x0000007de5200000)]
  0x0000022ff4bd9df0 JavaThread "ForkJoinPool.commonPool-worker-3" daemon [_thread_blocked, id=29644, stack(0x0000007de5200000,0x0000007de5300000)]
  0x0000022ff4bdbc50 JavaThread "ForkJoinPool.commonPool-worker-4" daemon [_thread_blocked, id=26484, stack(0x0000007de5300000,0x0000007de5400000)]
  0x0000022ff4bdc160 JavaThread "ForkJoinPool.commonPool-worker-5" daemon [_thread_blocked, id=25304, stack(0x0000007de5400000,0x0000007de5500000)]
  0x0000022ff4bdad20 JavaThread "ForkJoinPool.commonPool-worker-6" daemon [_thread_blocked, id=11260, stack(0x0000007de5500000,0x0000007de5600000)]
  0x0000022ff4bd98e0 JavaThread "ForkJoinPool.commonPool-worker-7" daemon [_thread_blocked, id=30072, stack(0x0000007de5600000,0x0000007de5700000)]
  0x0000022ff4bdf910 JavaThread "ForkJoinPool.commonPool-worker-8" daemon [_thread_blocked, id=18684, stack(0x0000007de5700000,0x0000007de5800000)]
  0x0000022ff4bdfe20 JavaThread "ForkJoinPool.commonPool-worker-9" daemon [_thread_blocked, id=32532, stack(0x0000007de5800000,0x0000007de5900000)]
  0x0000022ff4bdd090 JavaThread "ForkJoinPool.commonPool-worker-10" daemon [_thread_blocked, id=25356, stack(0x0000007de5900000,0x0000007de5a00000)]
  0x0000022ff4bdc670 JavaThread "included builds Thread 2" [_thread_blocked, id=30436, stack(0x0000007de2500000,0x0000007de2600000)]
  0x0000022ff4bde4d0 JavaThread "Execution worker" [_thread_blocked, id=3560, stack(0x0000007de4e00000,0x0000007de4f00000)]
  0x0000022ff4bddfc0 JavaThread "Execution worker Thread 2" [_thread_blocked, id=31660, stack(0x0000007de4f00000,0x0000007de5000000)]
  0x0000022ff4bde9e0 JavaThread "Execution worker Thread 3" [_thread_blocked, id=9732, stack(0x0000007de5d00000,0x0000007de5e00000)]
  0x0000022ff3c90820 JavaThread "Execution worker Thread 4" [_thread_blocked, id=31296, stack(0x0000007de5e00000,0x0000007de5f00000)]
  0x0000022ff3c92b90 JavaThread "Execution worker Thread 5" [_thread_in_native, id=22292, stack(0x0000007de5f00000,0x0000007de6000000)]
  0x0000022ff3c96340 JavaThread "Execution worker Thread 6" [_thread_blocked, id=30584, stack(0x0000007de6000000,0x0000007de6100000)]
  0x0000022ff2b398a0 JavaThread "Execution worker Thread 7" [_thread_blocked, id=17744, stack(0x0000007de6100000,0x0000007de6200000)]
  0x0000022ffac9ad20 JavaThread "Execution worker Thread 8" [_thread_blocked, id=15220, stack(0x0000007de6200000,0x0000007de6300000)]
  0x0000022ffac984a0 JavaThread "Execution worker Thread 9" [_thread_in_native, id=31460, stack(0x0000007de6300000,0x0000007de6400000)]
  0x0000022ffac989b0 JavaThread "Execution worker Thread 10" [_thread_blocked, id=7156, stack(0x0000007de6400000,0x0000007de6500000)]
  0x0000022ffac998e0 JavaThread "Execution worker Thread 11" [_thread_blocked, id=20448, stack(0x0000007de6500000,0x0000007de6600000)]
  0x0000022ffac98ec0 JavaThread "Execution worker Thread 12" [_thread_blocked, id=28396, stack(0x0000007de6600000,0x0000007de6700000)]
  0x0000022ffac993d0 JavaThread "Execution worker Thread 13" [_thread_blocked, id=30292, stack(0x0000007de6700000,0x0000007de6800000)]
  0x0000022ffac99df0 JavaThread "Execution worker Thread 14" [_thread_blocked, id=27292, stack(0x0000007de6800000,0x0000007de6900000)]
  0x0000022ffac9a300 JavaThread "Execution worker Thread 15" [_thread_blocked, id=27836, stack(0x0000007de6900000,0x0000007de6a00000)]
  0x0000022ffac97f90 JavaThread "Cache worker for execution history cache (D:\holkar science clg indore\student-mobile-app\node_modules\expo-modules-autolinking\android\expo-gradle-plugin\.gradle\8.14.3\executionHistory)" [_thread_blocked, id=20476, stack(0x0000007de6a00000,0x0000007de6b00000)]
  0x0000022ffac9a810 JavaThread "Cache worker for execution history cache (D:\holkar science clg indore\student-mobile-app\node_modules\@react-native\gradle-plugin\.gradle\8.14.3\executionHistory)" [_thread_blocked, id=8332, stack(0x0000007de6b00000,0x0000007de6c00000)]
  0x0000022ffac97570 JavaThread "Unconstrained build operations Thread 91" [_thread_blocked, id=24236, stack(0x0000007de6f00000,0x0000007de7000000)]
  0x0000022ffac9b230 JavaThread "Unconstrained build operations Thread 92" [_thread_blocked, id=17212, stack(0x0000007de7000000,0x0000007de7100000)]
  0x0000022ffac97a80 JavaThread "Unconstrained build operations Thread 93" [_thread_blocked, id=21916, stack(0x0000007de7100000,0x0000007de7200000)]
  0x0000022ffac9b740 JavaThread "Unconstrained build operations Thread 94" [_thread_blocked, id=23924, stack(0x0000007de7200000,0x0000007de7300000)]
  0x0000022ffac9d5a0 JavaThread "Unconstrained build operations Thread 95" [_thread_blocked, id=31084, stack(0x0000007de7300000,0x0000007de7400000)]
  0x0000022ffac9dfc0 JavaThread "Unconstrained build operations Thread 96" [_thread_blocked, id=20904, stack(0x0000007de7400000,0x0000007de7500000)]
  0x0000022ffac9d090 JavaThread "Unconstrained build operations Thread 97" [_thread_blocked, id=26336, stack(0x0000007de7500000,0x0000007de7600000)]
  0x0000022ffac9e4d0 JavaThread "Unconstrained build operations Thread 98" [_thread_blocked, id=17900, stack(0x0000007de7600000,0x0000007de7700000)]
  0x0000022ffac9c670 JavaThread "Unconstrained build operations Thread 99" [_thread_blocked, id=4188, stack(0x0000007de7700000,0x0000007de7800000)]
  0x0000022ffac9cb80 JavaThread "Unconstrained build operations Thread 100" [_thread_blocked, id=13948, stack(0x0000007de7800000,0x0000007de7900000)]
  0x0000022ffac9bc50 JavaThread "Unconstrained build operations Thread 101" [_thread_blocked, id=19600, stack(0x0000007de7900000,0x0000007de7a00000)]
  0x0000022ffac9e9e0 JavaThread "Unconstrained build operations Thread 102" [_thread_blocked, id=23436, stack(0x0000007de7a00000,0x0000007de7b00000)]
  0x0000022ffac9eef0 JavaThread "Unconstrained build operations Thread 103" [_thread_blocked, id=27264, stack(0x0000007de7b00000,0x0000007de7c00000)]
  0x0000022ffac9dab0 JavaThread "Unconstrained build operations Thread 104" [_thread_blocked, id=25204, stack(0x0000007de7c00000,0x0000007de7d00000)]
  0x0000022ffac9c160 JavaThread "Unconstrained build operations Thread 105" [_thread_blocked, id=14216, stack(0x0000007de7e00000,0x0000007de7f00000)]
  0x0000022ff4bdeef0 JavaThread "Unconstrained build operations Thread 106" [_thread_blocked, id=30796, stack(0x0000007de7f00000,0x0000007de8000000)]
  0x0000022ff987d310 JavaThread "Unconstrained build operations Thread 107" [_thread_blocked, id=22448, stack(0x0000007de8000000,0x0000007de8100000)]
  0x0000022ff987ce00 JavaThread "Unconstrained build operations Thread 108" [_thread_blocked, id=25748, stack(0x0000007de8100000,0x0000007de8200000)]
  0x0000022ff987e240 JavaThread "Unconstrained build operations Thread 109" [_thread_blocked, id=18580, stack(0x0000007de8200000,0x0000007de8300000)]
  0x0000022ff987aa90 JavaThread "Unconstrained build operations Thread 110" [_thread_blocked, id=20280, stack(0x0000007de8300000,0x0000007de8400000)]
  0x0000022ff987e750 JavaThread "Unconstrained build operations Thread 111" [_thread_blocked, id=8324, stack(0x0000007de8400000,0x0000007de8500000)]
  0x0000022ff987c3e0 JavaThread "Unconstrained build operations Thread 112" [_thread_blocked, id=22624, stack(0x0000007de8500000,0x0000007de8600000)]
  0x0000022ff987afa0 JavaThread "Unconstrained build operations Thread 113" [_thread_blocked, id=12248, stack(0x0000007de8600000,0x0000007de8700000)]
  0x0000022ff987dd30 JavaThread "Unconstrained build operations Thread 114" [_thread_blocked, id=3488, stack(0x0000007de8700000,0x0000007de8800000)]
  0x0000022ff987c8f0 JavaThread "Unconstrained build operations Thread 115" [_thread_blocked, id=22896, stack(0x0000007de8800000,0x0000007de8900000)]
  0x0000022ff987ec60 JavaThread "Unconstrained build operations Thread 116" [_thread_blocked, id=31116, stack(0x0000007de8900000,0x0000007de8a00000)]
  0x0000022ff987b4b0 JavaThread "Unconstrained build operations Thread 117" [_thread_blocked, id=22328, stack(0x0000007de8a00000,0x0000007de8b00000)]
  0x0000022ff987d820 JavaThread "Unconstrained build operations Thread 118" [_thread_blocked, id=28984, stack(0x0000007de8b00000,0x0000007de8c00000)]
  0x0000022ff987f170 JavaThread "Unconstrained build operations Thread 119" [_thread_blocked, id=14284, stack(0x0000007de8c00000,0x0000007de8d00000)]
  0x0000022ff987b9c0 JavaThread "Unconstrained build operations Thread 120" [_thread_blocked, id=12412, stack(0x0000007de8d00000,0x0000007de8e00000)]
  0x0000022ff987f680 JavaThread "Unconstrained build operations Thread 121" [_thread_blocked, id=3044, stack(0x0000007de8e00000,0x0000007de8f00000)]
  0x0000022ff987bed0 JavaThread "Unconstrained build operations Thread 122" [_thread_blocked, id=21568, stack(0x0000007de8f00000,0x0000007de9000000)]
  0x0000022ff9880fd0 JavaThread "Unconstrained build operations Thread 123" [_thread_blocked, id=8912, stack(0x0000007de9000000,0x0000007de9100000)]
  0x0000022ff9881f00 JavaThread "Unconstrained build operations Thread 124" [_thread_blocked, id=24504, stack(0x0000007de9100000,0x0000007de9200000)]
  0x0000022ff987fb90 JavaThread "Unconstrained build operations Thread 125" [_thread_blocked, id=10076, stack(0x0000007de9200000,0x0000007de9300000)]
  0x0000022ff9880ac0 JavaThread "Unconstrained build operations Thread 126" [_thread_blocked, id=2520, stack(0x0000007de9300000,0x0000007de9400000)]
  0x0000022ff98819f0 JavaThread "Unconstrained build operations Thread 127" [_thread_blocked, id=24620, stack(0x0000007de9400000,0x0000007de9500000)]
  0x0000022ff98800a0 JavaThread "Unconstrained build operations Thread 128" [_thread_blocked, id=9924, stack(0x0000007de9500000,0x0000007de9600000)]
  0x0000022ff9882410 JavaThread "Unconstrained build operations Thread 129" [_thread_blocked, id=31072, stack(0x0000007de9600000,0x0000007de9700000)]
  0x0000022ff98805b0 JavaThread "Unconstrained build operations Thread 130" [_thread_blocked, id=15444, stack(0x0000007de9700000,0x0000007de9800000)]
  0x0000022ff98814e0 JavaThread "Unconstrained build operations Thread 131" [_thread_blocked, id=30740, stack(0x0000007de9800000,0x0000007de9900000)]
  0x0000022ff539bf90 JavaThread "Unconstrained build operations Thread 132" [_thread_blocked, id=12788, stack(0x0000007de9900000,0x0000007de9a00000)]
  0x0000022ff539c4a0 JavaThread "Unconstrained build operations Thread 133" [_thread_blocked, id=25940, stack(0x0000007de9a00000,0x0000007de9b00000)]
  0x0000022ff539e810 JavaThread "Unconstrained build operations Thread 134" [_thread_blocked, id=14752, stack(0x0000007de9b00000,0x0000007de9c00000)]
  0x0000022ff539ddf0 JavaThread "Unconstrained build operations Thread 135" [_thread_blocked, id=18724, stack(0x0000007de9c00000,0x0000007de9d00000)]
  0x0000022ff539fc50 JavaThread "Unconstrained build operations Thread 136" [_thread_blocked, id=18536, stack(0x0000007de9d00000,0x0000007de9e00000)]
  0x0000022ff539e300 JavaThread "Unconstrained build operations Thread 137" [_thread_blocked, id=5192, stack(0x0000007de9e00000,0x0000007de9f00000)]
  0x0000022ff53a0160 JavaThread "Unconstrained build operations Thread 138" [_thread_blocked, id=14980, stack(0x0000007de9f00000,0x0000007dea000000)]
  0x0000022ff539ed20 JavaThread "Unconstrained build operations Thread 139" [_thread_blocked, id=12100, stack(0x0000007dea000000,0x0000007dea100000)]
  0x0000022ff539cec0 JavaThread "Unconstrained build operations Thread 140" [_thread_blocked, id=14180, stack(0x0000007dea100000,0x0000007dea200000)]
  0x0000022ff539f230 JavaThread "Unconstrained build operations Thread 141" [_thread_blocked, id=11188, stack(0x0000007dea200000,0x0000007dea300000)]
  0x0000022ff539c9b0 JavaThread "Unconstrained build operations Thread 142" [_thread_blocked, id=5732, stack(0x0000007dea300000,0x0000007dea400000)]
  0x0000022ff539f740 JavaThread "Unconstrained build operations Thread 143" [_thread_blocked, id=23908, stack(0x0000007dea400000,0x0000007dea500000)]
  0x0000022ff53a0b80 JavaThread "Unconstrained build operations Thread 144" [_thread_blocked, id=27656, stack(0x0000007dea500000,0x0000007dea600000)]
  0x0000022ff53a0670 JavaThread "Unconstrained build operations Thread 145" [_thread_blocked, id=28596, stack(0x0000007dea600000,0x0000007dea700000)]
  0x0000022ff539d3d0 JavaThread "Unconstrained build operations Thread 146" [_thread_blocked, id=31892, stack(0x0000007dea700000,0x0000007dea800000)]
  0x0000022ff53a1090 JavaThread "Unconstrained build operations Thread 147" [_thread_blocked, id=24964, stack(0x0000007dea800000,0x0000007dea900000)]
  0x0000022ff539d8e0 JavaThread "Unconstrained build operations Thread 148" [_thread_blocked, id=27628, stack(0x0000007dea900000,0x0000007deaa00000)]
  0x0000022ff53a1fc0 JavaThread "Unconstrained build operations Thread 149" [_thread_blocked, id=29856, stack(0x0000007deaa00000,0x0000007deab00000)]
  0x0000022ff53a24d0 JavaThread "Unconstrained build operations Thread 150" [_thread_blocked, id=27348, stack(0x0000007deab00000,0x0000007deac00000)]
  0x0000022ff53a4330 JavaThread "Unconstrained build operations Thread 151" [_thread_blocked, id=3180, stack(0x0000007deae00000,0x0000007deaf00000)]
  0x0000022ff53a29e0 JavaThread "Unconstrained build operations Thread 152" [_thread_blocked, id=27276, stack(0x0000007deaf00000,0x0000007deb000000)]
  0x0000022ff53a2ef0 JavaThread "Unconstrained build operations Thread 153" [_thread_blocked, id=12868, stack(0x0000007deb000000,0x0000007deb100000)]
  0x0000022ff53a4d50 JavaThread "Unconstrained build operations Thread 154" [_thread_blocked, id=29248, stack(0x0000007deb100000,0x0000007deb200000)]
  0x0000022ff53a3400 JavaThread "Unconstrained build operations Thread 155" [_thread_blocked, id=28760, stack(0x0000007deb200000,0x0000007deb300000)]
  0x0000022ff53a3910 JavaThread "Unconstrained build operations Thread 156" [_thread_blocked, id=3764, stack(0x0000007deb300000,0x0000007deb400000)]
  0x0000022ff53a3e20 JavaThread "Unconstrained build operations Thread 157" [_thread_blocked, id=31728, stack(0x0000007deb400000,0x0000007deb500000)]
  0x0000022ff53a15a0 JavaThread "Unconstrained build operations Thread 158" [_thread_blocked, id=18236, stack(0x0000007deb500000,0x0000007deb600000)]
  0x0000022ff53a5260 JavaThread "Unconstrained build operations Thread 159" [_thread_blocked, id=22304, stack(0x0000007deb600000,0x0000007deb700000)]
  0x0000022ff53a4840 JavaThread "Unconstrained build operations Thread 160" [_thread_blocked, id=15172, stack(0x0000007deb700000,0x0000007deb800000)]
  0x0000022ff53a5770 JavaThread "jar transforms Thread 2" [_thread_blocked, id=27680, stack(0x0000007deb900000,0x0000007deba00000)]
  0x0000022ff53a8a10 JavaThread "Cache worker for Build Output Cleanup Cache (D:\holkar science clg indore\student-mobile-app\node_modules\expo-modules-core\expo-module-gradle-plugin\.gradle\buildOutputCleanup)" [_thread_blocked, id=5756, stack(0x0000007de6e00000,0x0000007de6f00000)]
  0x0000022ff53a75d0 JavaThread "build event listener" [_thread_blocked, id=4512, stack(0x0000007deb800000,0x0000007deb900000)]
  0x0000022ff53a70c0 JavaThread "jar transforms Thread 3" [_thread_blocked, id=1580, stack(0x0000007deba00000,0x0000007debb00000)]
  0x0000022ff53a8500 JavaThread "Cache worker for execution history cache (D:\holkar science clg indore\student-mobile-app\node_modules\expo-modules-core\expo-module-gradle-plugin\.gradle\8.14.3\executionHistory)" [_thread_blocked, id=24104, stack(0x0000007debc00000,0x0000007debd00000)]
  0x0000022ff53a9430 JavaThread "jar transforms Thread 4" [_thread_blocked, id=17860, stack(0x0000007dec000000,0x0000007dec100000)]
  0x0000022ff53a66a0 JavaThread "Problems report writer" [_thread_blocked, id=23384, stack(0x0000007debd00000,0x0000007debe00000)]
  0x0000022ff53aa870 JavaThread "jar transforms Thread 5" [_thread_blocked, id=32072, stack(0x0000007debe00000,0x0000007debf00000)]
  0x0000022ff53aad80 JavaThread "jar transforms Thread 6" [_thread_blocked, id=27780, stack(0x0000007debf00000,0x0000007dec000000)]
  0x0000022ff7d03fd0 JavaThread "build event listener" [_thread_blocked, id=22028, stack(0x0000007de7d00000,0x0000007de7e00000)]
  0x0000022ff7d030a0 JavaThread "jar transforms Thread 7" [_thread_blocked, id=11380, stack(0x0000007de6d00000,0x0000007de6e00000)]
  0x0000022ff7d035b0 JavaThread "jar transforms Thread 8" [_thread_blocked, id=20472, stack(0x0000007dec100000,0x0000007dec200000)]
  0x0000022ff7d049f0 JavaThread "jar transforms Thread 9" [_thread_blocked, id=11952, stack(0x0000007dec200000,0x0000007dec300000)]
  0x0000022ff7d01240 JavaThread "jar transforms Thread 10" [_thread_blocked, id=13000, stack(0x0000007dec300000,0x0000007dec400000)]
  0x0000022ff7d04f00 JavaThread "jar transforms Thread 11" [_thread_blocked, id=3028, stack(0x0000007dec400000,0x0000007dec500000)]
  0x0000022ff7d01750 JavaThread "jar transforms Thread 12" [_thread_blocked, id=31932, stack(0x0000007dec500000,0x0000007dec600000)]
  0x0000022ff7d05410 JavaThread "jar transforms Thread 13" [_thread_blocked, id=9000, stack(0x0000007dec600000,0x0000007dec700000)]
  0x0000022ff7d01c60 JavaThread "jar transforms Thread 14" [_thread_blocked, id=26016, stack(0x0000007dec700000,0x0000007dec800000)]
  0x0000022ff7d07c90 JavaThread "jar transforms Thread 15" [_thread_blocked, id=22404, stack(0x0000007dec900000,0x0000007deca00000)]
  0x0000022ff7d090d0 JavaThread "jar transforms Thread 16" [_thread_blocked, id=12792, stack(0x0000007deca00000,0x0000007decb00000)]
  0x0000022ff7d095e0 JavaThread "Cache worker for execution history cache (D:\holkar science clg indore\student-mobile-app\android\.gradle\8.14.3\executionHistory)" [_thread_blocked, id=1684, stack(0x0000007ded000000,0x0000007ded100000)]
  0x0000022ff7d06850 JavaThread "WorkerExecutor Queue" [_thread_blocked, id=23872, stack(0x0000007ded100000,0x0000007ded200000)]
  0x0000022ff7d0b440 JavaThread "WorkerExecutor Queue Thread 2" [_thread_blocked, id=9884, stack(0x0000007ded200000,0x0000007ded300000)]
  0x0000022ff7d0c370 JavaThread "WorkerExecutor Queue Thread 3" [_thread_blocked, id=8308, stack(0x0000007ded300000,0x0000007ded400000)]
  0x0000022ff7d0dcc0 JavaThread "WorkerExecutor Queue Thread 4" [_thread_in_vm, id=32304, stack(0x0000007ded400000,0x0000007ded500000)]
  0x0000022ff7d0d7b0 JavaThread "WorkerExecutor Queue Thread 5" [_thread_blocked, id=28160, stack(0x0000007ded500000,0x0000007ded600000)]
  0x0000022ff7d0e1d0 JavaThread "WorkerExecutor Queue Thread 6" [_thread_blocked, id=27624, stack(0x0000007ded600000,0x0000007ded700000)]
  0x0000022ff7d0e6e0 JavaThread "WorkerExecutor Queue Thread 7" [_thread_blocked, id=22228, stack(0x0000007ded700000,0x0000007ded800000)]
  0x0000022ff7d0af30 JavaThread "WorkerExecutor Queue Thread 8" [_thread_blocked, id=31360, stack(0x0000007ded800000,0x0000007ded900000)]
  0x0000022ff7d0ebf0 JavaThread "WorkerExecutor Queue Thread 9" [_thread_blocked, id=24696, stack(0x0000007ded900000,0x0000007deda00000)]
  0x0000022ff7d0f100 JavaThread "ForkJoinPool-1-worker-1" daemon [_thread_blocked, id=30396, stack(0x0000007deda00000,0x0000007dedb00000)]
  0x0000022ff7d0fb20 JavaThread "ForkJoinPool-1-worker-2" daemon [_thread_blocked, id=16176, stack(0x0000007dedb00000,0x0000007dedc00000)]
  0x0000022ff7d10540 JavaThread "ForkJoinPool-1-worker-3" daemon [_thread_blocked, id=22064, stack(0x0000007dedc00000,0x0000007dedd00000)]
  0x0000022ff53a6190 JavaThread "ForkJoinPool-1-worker-4" daemon [_thread_blocked, id=15700, stack(0x0000007dedd00000,0x0000007dede00000)]
  0x0000022ff53a9e50 JavaThread "ForkJoinPool-1-worker-5" daemon [_thread_blocked, id=27052, stack(0x0000007dede00000,0x0000007dedf00000)]
  0x0000022ff53a6bb0 JavaThread "ForkJoinPool-1-worker-6" daemon [_thread_blocked, id=14600, stack(0x0000007dedf00000,0x0000007dee000000)]
  0x0000022ff3c90310 JavaThread "ForkJoinPool-1-worker-7" daemon [_thread_blocked, id=1364, stack(0x0000007dee000000,0x0000007dee100000)]
  0x0000022ff8348080 JavaThread "ForkJoinPool-1-worker-8" daemon [_thread_blocked, id=9448, stack(0x0000007dee100000,0x0000007dee200000)]
  0x0000022ff8348aa0 JavaThread "ForkJoinPool-1-worker-9" daemon [_thread_blocked, id=21864, stack(0x0000007dee200000,0x0000007dee300000)]
  0x0000022ff83499d0 JavaThread "ForkJoinPool-1-worker-10" daemon [_thread_blocked, id=16180, stack(0x0000007dee300000,0x0000007dee400000)]
  0x0000022ff8346730 JavaThread "ForkJoinPool-1-worker-11" daemon [_thread_blocked, id=18980, stack(0x0000007dee400000,0x0000007dee500000)]
  0x0000022ff8347150 JavaThread "ForkJoinPool-1-worker-12" daemon [_thread_blocked, id=31220, stack(0x0000007dee500000,0x0000007dee600000)]
  0x0000022ff83494c0 JavaThread "ForkJoinPool-1-worker-13" daemon [_thread_blocked, id=20044, stack(0x0000007dee600000,0x0000007dee700000)]
  0x0000022ff8349ee0 JavaThread "ForkJoinPool-1-worker-14" daemon [_thread_blocked, id=28880, stack(0x0000007dee700000,0x0000007dee800000)]
  0x0000022ff8346c40 JavaThread "ForkJoinPool-1-worker-15" daemon [_thread_blocked, id=31500, stack(0x0000007dee800000,0x0000007dee900000)]
  0x0000022ff8348590 JavaThread "ForkJoinPool-1-worker-16" daemon [_thread_blocked, id=30532, stack(0x0000007dee900000,0x0000007deea00000)]
  0x0000022ff834ae10 JavaThread "WorkerExecutor Queue Thread 10" [_thread_blocked, id=29584, stack(0x0000007def300000,0x0000007def400000)]
  0x0000022ff8347b70 JavaThread "RMI Scheduler(0)" daemon [_thread_blocked, id=20512, stack(0x0000007ddae00000,0x0000007ddaf00000)]
  0x0000022ff834c250 JavaThread "RMI GC Daemon" daemon [_thread_blocked, id=32624, stack(0x0000007def500000,0x0000007def600000)]
  0x0000022ff834c760 JavaThread "RMI TCP Accept-0" daemon [_thread_in_native, id=29860, stack(0x0000007def600000,0x0000007def700000)]
  0x0000022ff8348fb0 JavaThread "RMI Reaper" [_thread_blocked, id=10680, stack(0x0000007def700000,0x0000007def800000)]
  0x0000022ff834d690 JavaThread "RMI TCP Connection(2)-127.0.0.1" daemon [_thread_in_native, id=27096, stack(0x0000007def800000,0x0000007def900000)]
  0x0000022ff834d180 JavaThread "WorkerExecutor Queue Thread 11" [_thread_blocked, id=20636, stack(0x0000007def900000,0x0000007defa00000)]
  0x0000022ff834dba0 JavaThread "WorkerExecutor Queue Thread 12" [_thread_blocked, id=1480, stack(0x0000007defa00000,0x0000007defb00000)]
  0x0000022ff834a900 JavaThread "WorkerExecutor Queue Thread 13" [_thread_in_Java, id=19132, stack(0x0000007defb00000,0x0000007defc00000)]
  0x0000022ff8350930 JavaThread "WorkerExecutor Queue Thread 14" [_thread_blocked, id=7612, stack(0x0000007defc00000,0x0000007defd00000)]
  0x0000022ff834fa00 JavaThread "WorkerExecutor Queue Thread 16" [_thread_blocked, id=31284, stack(0x0000007defe00000,0x0000007deff00000)]
  0x0000022ff83531b0 JavaThread "WorkerExecutor Queue Thread 17" [_thread_in_Java, id=8784, stack(0x0000007deff00000,0x0000007df0000000)]
  0x0000022ff8353bd0 JavaThread "pool-3-thread-1" [_thread_blocked, id=21844, stack(0x0000007df0000000,0x0000007df0100000)]
  0x0000022ff8350e40 JavaThread "Exec process Thread 4" [_thread_blocked, id=24700, stack(0x0000007df0100000,0x0000007df0200000)]
  0x0000022ff8350420 JavaThread "Exec process Thread 5" [_thread_blocked, id=1744, stack(0x0000007df0200000,0x0000007df0300000)]
  0x0000022ff83536c0 JavaThread "Exec process Thread 6" [_thread_blocked, id=12760, stack(0x0000007df0300000,0x0000007df0400000)]
  0x0000022ff8351860 JavaThread "Exec process Thread 7" [_thread_blocked, id=9568, stack(0x0000007df0400000,0x0000007df0500000)]
  0x0000022ff8351d70 JavaThread "stderr" [_thread_in_native, id=10744, stack(0x0000007df0500000,0x0000007df0600000)]
  0x0000022ff8355010 JavaThread "stdout" [_thread_in_native, id=24488, stack(0x0000007df0600000,0x0000007df0700000)]
  0x0000022ff83540e0 JavaThread "Exec process Thread 8" [_thread_blocked, id=17440, stack(0x0000007df0700000,0x0000007df0800000)]
  0x0000022ff83545f0 JavaThread "Exec process Thread 9" [_thread_blocked, id=22204, stack(0x0000007df0800000,0x0000007df0900000)]
  0x0000022ff8352790 JavaThread "stderr" [_thread_in_native, id=26180, stack(0x0000007df0900000,0x0000007df0a00000)]
  0x0000022ff8355520 JavaThread "stdout" [_thread_in_native, id=25572, stack(0x0000007df0a00000,0x0000007df0b00000)]
  0x0000022ff8354b00 JavaThread "stderr" [_thread_in_native, id=9128, stack(0x0000007df0b00000,0x0000007df0c00000)]
  0x0000022ff8355a30 JavaThread "stdout" [_thread_in_native, id=17180, stack(0x0000007df0c00000,0x0000007df0d00000)]
  0x0000022ff8352280 JavaThread "stderr" [_thread_in_native, id=21964, stack(0x0000007df0e00000,0x0000007df0f00000)]
  0x0000022ff8355f40 JavaThread "stdout" [_thread_in_native, id=27600, stack(0x0000007df0f00000,0x0000007df1000000)]
  0x0000022ff8352ca0 JavaThread "stderr" [_thread_in_native, id=11372, stack(0x0000007df1100000,0x0000007df1200000)]
  0x0000022ff7d09af0 JavaThread "stdout" [_thread_in_native, id=30888, stack(0x0000007df1200000,0x0000007df1300000)]
  0x0000022ff7d06d60 JavaThread "stderr" [_thread_in_native, id=16168, stack(0x0000007df1300000,0x0000007df1400000)]
  0x0000022ff7d10030 JavaThread "stdout" [_thread_in_native, id=27436, stack(0x0000007df1400000,0x0000007df1500000)]
  0x0000022ff4bda810 JavaThread "Exec process Thread 10" [_thread_blocked, id=21944, stack(0x0000007df1500000,0x0000007df1600000)]
  0x0000022ff4bda300 JavaThread "Exec process Thread 11" [_thread_blocked, id=29128, stack(0x0000007df1600000,0x0000007df1700000)]
  0x0000022fed6413c0 JavaThread "Exec process Thread 12" [_thread_blocked, id=10244, stack(0x0000007df1700000,0x0000007df1800000)]
  0x0000022fa0aed6c0 JavaThread "Exec process Thread 13" [_thread_blocked, id=11252, stack(0x0000007df1800000,0x0000007df1900000)]
  0x0000022fa0aedbd0 JavaThread "Exec process Thread 14" [_thread_blocked, id=8976, stack(0x0000007df1900000,0x0000007df1a00000)]
  0x0000022fa0aeff40 JavaThread "Exec process Thread 15" [_thread_blocked, id=13172, stack(0x0000007df1a00000,0x0000007df1b00000)]
  0x0000022fa0af0450 JavaThread "Exec process Thread 16" [_thread_blocked, id=4724, stack(0x0000007df1b00000,0x0000007df1c00000)]
  0x0000022fa0af0960 JavaThread "Exec process Thread 17" [_thread_blocked, id=18524, stack(0x0000007df1c00000,0x0000007df1d00000)]
  0x0000022fa0aeeb00 JavaThread "Exec process Thread 18" [_thread_blocked, id=19160, stack(0x0000007df1d00000,0x0000007df1e00000)]
  0x0000022fa0aed1b0 JavaThread "Exec process Thread 19" [_thread_blocked, id=30140, stack(0x0000007df1e00000,0x0000007df1f00000)]
  0x0000022fa0af0e70 JavaThread "Exec process Thread 20" [_thread_blocked, id=27860, stack(0x0000007df1f00000,0x0000007df2000000)]
  0x0000022fa0aef520 JavaThread "Exec process Thread 21" [_thread_blocked, id=22384, stack(0x0000007df2000000,0x0000007df2100000)]
  0x0000022fa0aefa30 JavaThread "Exec process Thread 22" [_thread_blocked, id=32604, stack(0x0000007df2100000,0x0000007df2200000)]
  0x0000022fa0af1380 JavaThread "Exec process Thread 23" [_thread_blocked, id=1892, stack(0x0000007df2200000,0x0000007df2300000)]
  0x0000022fa0af1890 JavaThread "Exec process Thread 24" [_thread_blocked, id=31536, stack(0x0000007df2300000,0x0000007df2400000)]
  0x0000022fa0aee0e0 JavaThread "Exec process Thread 25" [_thread_blocked, id=29224, stack(0x0000007df2400000,0x0000007df2500000)]
  0x0000022fa0af1da0 JavaThread "Exec process Thread 26" [_thread_blocked, id=25468, stack(0x0000007df2500000,0x0000007df2600000)]
  0x0000022fa0aef010 JavaThread "Exec process Thread 27" [_thread_blocked, id=25808, stack(0x0000007df2600000,0x0000007df2700000)]
  0x0000022fa0aee5f0 JavaThread "Exec process Thread 28" [_thread_blocked, id=30032, stack(0x0000007df2700000,0x0000007df2800000)]
  0x0000022fa0af2cd0 JavaThread "Exec process Thread 29" [_thread_blocked, id=9204, stack(0x0000007df2800000,0x0000007df2900000)]
  0x0000022fa0af36f0 JavaThread "Exec process Thread 30" [_thread_blocked, id=3820, stack(0x0000007df2900000,0x0000007df2a00000)]
  0x0000022fa0af31e0 JavaThread "Exec process Thread 31" [_thread_blocked, id=30580, stack(0x0000007df2a00000,0x0000007df2b00000)]
  0x0000022fa0af22b0 JavaThread "Exec process Thread 32" [_thread_blocked, id=29864, stack(0x0000007df2b00000,0x0000007df2c00000)]
  0x0000022fa0af3c00 JavaThread "Exec process Thread 33" [_thread_blocked, id=22516, stack(0x0000007df2c00000,0x0000007df2d00000)]
  0x0000022fa0af4110 JavaThread "Exec process Thread 34" [_thread_blocked, id=32116, stack(0x0000007df2d00000,0x0000007df2e00000)]
  0x0000022fa0af4620 JavaThread "Exec process Thread 35" [_thread_blocked, id=22916, stack(0x0000007df2e00000,0x0000007df2f00000)]
  0x0000022fa0af4b30 JavaThread "Exec process Thread 36" [_thread_blocked, id=18624, stack(0x0000007df2f00000,0x0000007df3000000)]
  0x0000022fa0af27c0 JavaThread "Exec process Thread 37" [_thread_blocked, id=27412, stack(0x0000007df3000000,0x0000007df3100000)]
  0x0000022ffa1b2e70 JavaThread "Exec process Thread 38" [_thread_blocked, id=28968, stack(0x0000007df3100000,0x0000007df3200000)]
  0x0000022ffa1b3890 JavaThread "Exec process Thread 39" [_thread_blocked, id=19112, stack(0x0000007df3200000,0x0000007df3300000)]
  0x0000022ffa1b7040 JavaThread "Cache worker for Java compile cache (C:\Users\aadit\.gradle\caches\8.14.3\javaCompile)" [_thread_blocked, id=5720, stack(0x0000007ddaf00000,0x0000007ddb000000)]
  0x0000022ff9cb5270 JavaThread "C1 CompilerThread1" daemon [_thread_in_native, id=31232, stack(0x0000007ddad00000,0x0000007ddae00000)]
  0x0000022ff9cb67b0 JavaThread "C1 CompilerThread2" daemon [_thread_blocked, id=25376, stack(0x0000007ddc100000,0x0000007ddc200000)]
  0x0000022ff9cb37e0 JavaThread "C1 CompilerThread3" daemon [_thread_in_native, id=12448, stack(0x0000007ddc200000,0x0000007ddc300000)]
  0x0000022ff9cb77a0 JavaThread "C2 CompilerThread1" daemon [_thread_in_native, id=9868, stack(0x0000007ddc300000,0x0000007ddc400000)]
  0x0000022ff9cb7cf0 JavaThread "C2 CompilerThread2" daemon [_thread_in_native, id=31616, stack(0x0000007de6c00000,0x0000007de6d00000)]
  0x0000022ffa1b7550 JavaThread "Build operations" [_thread_blocked, id=26680, stack(0x0000007de5a00000,0x0000007de5b00000)]
  0x0000022ffa1b8ea0 JavaThread "Build operations Thread 2" [_thread_blocked, id=1956, stack(0x0000007de5b00000,0x0000007de5c00000)]
  0x0000022ffa1b5c00 JavaThread "Build operations Thread 3" [_thread_blocked, id=28452, stack(0x0000007de5c00000,0x0000007de5d00000)]
  0x0000022ffa1b6110 JavaThread "Build operations Thread 4" [_thread_blocked, id=23612, stack(0x0000007dec800000,0x0000007dec900000)]
  0x0000022ffa1b6620 JavaThread "Build operations Thread 5" [_thread_blocked, id=12552, stack(0x0000007decb00000,0x0000007decc00000)]
  0x0000022ffa1b6b30 JavaThread "Build operations Thread 6" [_thread_blocked, id=12008, stack(0x0000007decc00000,0x0000007decd00000)]
  0x0000022ff834f4f0 JavaThread "Build operations Thread 7" [_thread_blocked, id=7644, stack(0x0000007decd00000,0x0000007dece00000)]
  0x0000022ff834cc70 JavaThread "Build operations Thread 8" [_thread_blocked, id=16028, stack(0x0000007dece00000,0x0000007decf00000)]
  0x0000022ff834bd40 JavaThread "Build operations Thread 9" [_thread_blocked, id=31584, stack(0x0000007def400000,0x0000007def500000)]
  0x0000022ff4bdd5a0 JavaThread "Build operations Thread 10" [_thread_blocked, id=17204, stack(0x0000007defd00000,0x0000007defe00000)]
  0x0000022ff4bdf400 JavaThread "Build operations Thread 11" [_thread_blocked, id=11824, stack(0x0000007df3500000,0x0000007df3600000)]
  0x0000022ff4bdcb80 JavaThread "Build operations Thread 12" [_thread_blocked, id=30448, stack(0x0000007df3600000,0x0000007df3700000)]
  0x0000022ff7d0a000 JavaThread "Build operations Thread 13" [_thread_blocked, id=18540, stack(0x0000007df3700000,0x0000007df3800000)]
  0x0000022ff2b3c630 JavaThread "Build operations Thread 14" [_thread_blocked, id=13288, stack(0x0000007df3800000,0x0000007df3900000)]
  0x0000022ff944a140 JavaThread "Build operations Thread 15" [_thread_blocked, id=28368, stack(0x0000007df3900000,0x0000007df3a00000)]
  0x0000022ff944c4b0 JavaThread "RMI TCP Connection(5)-127.0.0.1" daemon [_thread_in_native, id=8764, stack(0x0000007df3b00000,0x0000007df3c00000)]
  0x0000022ff944a650 JavaThread "Java2D Disposer" daemon [_thread_blocked, id=29664, stack(0x0000007ddc400000,0x0000007ddc500000)]
  0x0000022ff944ba90 JavaThread "AWT-Windows" daemon [_thread_in_native, id=23944, stack(0x0000007df3c00000,0x0000007df3d00000)]
  0x0000022ff9453920 JavaThread "DefaultDispatcher-worker-1" daemon [_thread_blocked, id=7448, stack(0x0000007df3f00000,0x0000007df4000000)]
  0x0000022ff9453e30 JavaThread "DefaultDispatcher-worker-2" daemon [_thread_blocked, id=14376, stack(0x0000007df4000000,0x0000007df4100000)]
  0x0000022ff94515b0 JavaThread "DefaultDispatcher-worker-3" daemon [_thread_blocked, id=2384, stack(0x0000007df4100000,0x0000007df4200000)]
  0x0000022ff9451fd0 JavaThread "Build operations Thread 16" [_thread_blocked, id=24828, stack(0x0000007df4200000,0x0000007df4300000)]
  0x0000022ff9450680 JavaThread "RMI TCP Connection(4)-127.0.0.1" daemon [_thread_in_native, id=12348, stack(0x0000007debb00000,0x0000007debc00000)]
  0x0000022ff9453410 JavaThread "Periodic tasks thread" daemon [_thread_blocked, id=24444, stack(0x0000007df3a00000,0x0000007df3b00000)]
  0x0000022ff9458000 JavaThread "ApplicationImpl pooled thread 1" [_thread_blocked, id=8448, stack(0x0000007df3e00000,0x0000007df3f00000)]
  0x0000022ff945fe90 JavaThread "RMI RenewClean-[127.0.0.1:17658,org.jetbrains.kotlin.daemon.common.LoopbackNetworkInterface$ClientLoopbackSocketFactory@213780c4]" daemon [_thread_blocked, id=31420, stack(0x0000007df4300000,0x0000007df4400000)]
  0x0000022ff94617e0 JavaThread "RMI TCP Connection(6)-127.0.0.1" daemon [_thread_in_native, id=29940, stack(0x0000007df4400000,0x0000007df4500000)]
  0x0000022ff94612d0 JavaThread "DefaultDispatcher-worker-4" daemon [_thread_blocked, id=9012, stack(0x0000007df4500000,0x0000007df4600000)]
  0x0000022ff945e540 JavaThread "DefaultDispatcher-worker-5" daemon [_thread_blocked, id=29560, stack(0x0000007df4600000,0x0000007df4700000)]

Other Threads:
  0x0000022fec7901d0 VMThread "VM Thread" [stack: 0x0000007ddb600000,0x0000007ddb700000] [id=12872] _threads_hazard_ptr=0x0000022faac390a0
  0x0000022fce3ca450 WatcherThread [stack: 0x0000007ddc600000,0x0000007ddc700000] [id=26276]
  0x0000022fce429320 GCTaskThread "GC Thread#0" [stack: 0x0000007ddb100000,0x0000007ddb200000] [id=6912]
  0x0000022fed879f30 GCTaskThread "GC Thread#1" [stack: 0x0000007ddca00000,0x0000007ddcb00000] [id=23320]
  0x0000022feda4f030 GCTaskThread "GC Thread#2" [stack: 0x0000007ddcb00000,0x0000007ddcc00000] [id=30260]
  0x0000022feda4ed60 GCTaskThread "GC Thread#3" [stack: 0x0000007ddcc00000,0x0000007ddcd00000] [id=4368]
  0x0000022feda503e0 GCTaskThread "GC Thread#4" [stack: 0x0000007ddcd00000,0x0000007ddce00000] [id=14104]
  0x0000022feda506b0 GCTaskThread "GC Thread#5" [stack: 0x0000007ddce00000,0x0000007ddcf00000] [id=15544]
  0x0000022feda4ea90 GCTaskThread "GC Thread#6" [stack: 0x0000007ddcf00000,0x0000007ddd000000] [id=6996]
  0x0000022feda4fb70 GCTaskThread "GC Thread#7" [stack: 0x0000007ddd000000,0x0000007ddd100000] [id=20616]
  0x0000022ff3999660 GCTaskThread "GC Thread#8" [stack: 0x0000007ddd100000,0x0000007ddd200000] [id=13636]
  0x0000022ff3997d10 GCTaskThread "GC Thread#9" [stack: 0x0000007dddf00000,0x0000007dde000000] [id=28000]
  0x0000022ff3999390 GCTaskThread "GC Thread#10" [stack: 0x0000007dde000000,0x0000007dde100000] [id=14760]
  0x0000022ff39990c0 GCTaskThread "GC Thread#11" [stack: 0x0000007dde100000,0x0000007dde200000] [id=20720]
  0x0000022ff3997fe0 GCTaskThread "GC Thread#12" [stack: 0x0000007dde200000,0x0000007dde300000] [id=29972]
  0x0000022fce43a190 ConcurrentGCThread "G1 Main Marker" [stack: 0x0000007ddb200000,0x0000007ddb300000] [id=13100]
  0x0000022fce43aac0 ConcurrentGCThread "G1 Conc#0" [stack: 0x0000007ddb300000,0x0000007ddb400000] [id=32636]
  0x0000022ff3998580 ConcurrentGCThread "G1 Conc#1" [stack: 0x0000007dde300000,0x0000007dde400000] [id=24888]
  0x0000022ff3999c00 ConcurrentGCThread "G1 Conc#2" [stack: 0x0000007dde400000,0x0000007dde500000] [id=4236]
  0x0000022fce47e810 ConcurrentGCThread "G1 Refine#0" [stack: 0x0000007ddb400000,0x0000007ddb500000] [id=31992]
  0x0000022ff7f21250 ConcurrentGCThread "G1 Refine#1" [stack: 0x0000007deea00000,0x0000007deeb00000] [id=15476]
  0x0000022ff91fa4c0 ConcurrentGCThread "G1 Refine#2" [stack: 0x0000007deeb00000,0x0000007deec00000] [id=32284]
  0x0000022ff6f381b0 ConcurrentGCThread "G1 Refine#3" [stack: 0x0000007deec00000,0x0000007deed00000] [id=30080]
  0x0000022fa361cee0 ConcurrentGCThread "G1 Refine#4" [stack: 0x0000007deed00000,0x0000007deee00000] [id=25996]
  0x0000022fa361c8e0 ConcurrentGCThread "G1 Refine#5" [stack: 0x0000007deee00000,0x0000007deef00000] [id=18484]
  0x0000022fa361c5e0 ConcurrentGCThread "G1 Refine#6" [stack: 0x0000007deef00000,0x0000007def000000] [id=15084]
  0x0000022fa1ac2690 ConcurrentGCThread "G1 Refine#7" [stack: 0x0000007def000000,0x0000007def100000] [id=20732]
  0x0000022fa1ac2990 ConcurrentGCThread "G1 Refine#8" [stack: 0x0000007def100000,0x0000007def200000] [id=26420]
  0x0000022fa1ac2c90 ConcurrentGCThread "G1 Refine#9" [stack: 0x0000007def200000,0x0000007def300000] [id=32440]
  0x0000022ff8754df0 ConcurrentGCThread "G1 Refine#10" [stack: 0x0000007decf00000,0x0000007ded000000] [id=7540]
  0x0000022ff6f387b0 ConcurrentGCThread "G1 Refine#11" [stack: 0x0000007df3300000,0x0000007df3400000] [id=5416]
  0x0000022fa0cb7e10 ConcurrentGCThread "G1 Refine#12" [stack: 0x0000007df3400000,0x0000007df3500000] [id=31336]
  0x0000022fec6ce1d0 ConcurrentGCThread "G1 Service" [stack: 0x0000007ddb500000,0x0000007ddb600000] [id=22104]

Threads with active compile tasks:
C2 CompilerThread0  86160 49103       4       kotlin.text.StringsKt__StringsKt::split (165 bytes)
C1 CompilerThread0  86160 49645       2       org.jetbrains.kotlin.fir.expressions.impl.FirPropertyAccessExpressionImpl::acceptChildren (296 bytes)
C1 CompilerThread1  86160 49644       2       org.jetbrains.kotlin.fir.expressions.FirPropertyAccessExpression::accept (13 bytes)
C1 CompilerThread2  86160 49643       2       org.jetbrains.kotlin.analysis.low.level.api.fir.file.structure.FirElementsRecorder::isSourceForCompoundAccess (134 bytes)
C1 CompilerThread3  86160 49639       2       org.jetbrains.kotlin.fir.resolve.transformers.body.resolve.ReturnTypeCalculatorWithJump::tryCalculateReturnTypeOrNull (453 bytes)
C2 CompilerThread1  86160 49024       4       com.android.tools.r8.dex.L$$Lambda$4001/0x0000022f82657340::accept (12 bytes)
C2 CompilerThread2  86160 41345 %     4       com.android.tools.r8.ir.optimize.f0::a @ 21 (449 bytes)

VM state: not at safepoint (normal execution)

VM Mutex/Monitor currently owned by a thread: None

Heap address: 0x0000000080000000, size: 2048 MB, Compressed Oops mode: 32-bit

CDS archive(s) mapped at: [0x0000022f80000000-0x0000022f80bb0000-0x0000022f80bb0000), size 12255232, SharedBaseAddress: 0x0000022f80000000, ArchiveRelocationMode: 1.
Compressed class space mapped at: 0x0000022f81000000-0x0000022f9b000000, reserved size: 436207616
Narrow klass base: 0x0000022f80000000, Narrow klass shift: 0, Narrow klass range: 0x100000000

GC Precious Log:
 CPUs: 16 total, 16 available
 Memory: 16051M
 Large Page Support: Disabled
 NUMA Support: Disabled
 Compressed Oops: Enabled (32-bit)
 Heap Region Size: 1M
 Heap Min Capacity: 8M
 Heap Initial Capacity: 252M
 Heap Max Capacity: 2G
 Pre-touch: Disabled
 Parallel Workers: 13
 Concurrent Workers: 3
 Concurrent Refinement Workers: 13
 Periodic GC: Disabled

Heap:
 garbage-first heap   total 1090560K, used 724996K [0x0000000080000000, 0x0000000100000000)
  region size 1024K, 253 young (259072K), 16 survivors (16384K)
 Metaspace       used 263151K, committed 265536K, reserved 688128K
  class space    used 33794K, committed 34880K, reserved 425984K

Heap Regions: E=young(eden), S=young(survivor), O=old, HS=humongous(starts), HC=humongous(continues), CS=collection set, F=free, OA=open archive, CA=closed archive, TAMS=top-at-mark-start (previous, next)
|   0|0x0000000080000000, 0x0000000080100000, 0x0000000080100000|100%|HS|  |TAMS 0x0000000080100000, 0x0000000080000000| Complete 
|   1|0x0000000080100000, 0x0000000080200000, 0x0000000080200000|100%|HC|  |TAMS 0x0000000080200000, 0x0000000080100000| Complete 
|   2|0x0000000080200000, 0x0000000080300000, 0x0000000080300000|100%|HC|  |TAMS 0x0000000080300000, 0x0000000080200000| Complete 
|   3|0x0000000080300000, 0x0000000080400000, 0x0000000080400000|100%| O|  |TAMS 0x0000000080400000, 0x0000000080300000| Untracked 
|   4|0x0000000080400000, 0x0000000080500000, 0x0000000080500000|100%| O|  |TAMS 0x0000000080500000, 0x0000000080400000| Untracked 
|   5|0x0000000080500000, 0x0000000080600000, 0x0000000080600000|100%| O|  |TAMS 0x0000000080600000, 0x0000000080500000| Untracked 
|   6|0x0000000080600000, 0x0000000080700000, 0x0000000080700000|100%|HS|  |TAMS 0x0000000080700000, 0x0000000080600000| Complete 
|   7|0x0000000080700000, 0x0000000080800000, 0x0000000080800000|100%| O|  |TAMS 0x0000000080800000, 0x0000000080700000| Updating 
|   8|0x0000000080800000, 0x0000000080900000, 0x0000000080900000|100%| O|  |TAMS 0x0000000080900000, 0x0000000080800000| Untracked 
|   9|0x0000000080900000, 0x0000000080a00000, 0x0000000080a00000|100%| O|  |TAMS 0x0000000080a00000, 0x0000000080900000| Updating 
|  10|0x0000000080a00000, 0x0000000080b00000, 0x0000000080b00000|100%| O|  |TAMS 0x0000000080b00000, 0x0000000080a00000| Untracked 
|  11|0x0000000080b00000, 0x0000000080c00000, 0x0000000080c00000|100%| O|  |TAMS 0x0000000080c00000, 0x0000000080b00000| Untracked 
|  12|0x0000000080c00000, 0x0000000080d00000, 0x0000000080d00000|100%| O|  |TAMS 0x0000000080d00000, 0x0000000080c00000| Untracked 
|  13|0x0000000080d00000, 0x0000000080e00000, 0x0000000080e00000|100%| O|  |TAMS 0x0000000080e00000, 0x0000000080d00000| Untracked 
|  14|0x0000000080e00000, 0x0000000080f00000, 0x0000000080f00000|100%| O|  |TAMS 0x0000000080f00000, 0x0000000080e00000| Untracked 
|  15|0x0000000080f00000, 0x0000000081000000, 0x0000000081000000|100%| O|  |TAMS 0x0000000081000000, 0x0000000080f00000| Updating 
|  16|0x0000000081000000, 0x0000000081100000, 0x0000000081100000|100%| O|  |TAMS 0x0000000081100000, 0x0000000081000000| Untracked 
|  17|0x0000000081100000, 0x0000000081200000, 0x0000000081200000|100%| O|  |TAMS 0x0000000081200000, 0x0000000081100000| Untracked 
|  18|0x0000000081200000, 0x0000000081300000, 0x0000000081300000|100%| O|  |TAMS 0x0000000081300000, 0x0000000081200000| Untracked 
|  19|0x0000000081300000, 0x0000000081400000, 0x0000000081400000|100%| O|  |TAMS 0x0000000081400000, 0x0000000081300000| Untracked 
|  20|0x0000000081400000, 0x0000000081500000, 0x0000000081500000|100%| O|  |TAMS 0x0000000081500000, 0x0000000081400000| Untracked 
|  21|0x0000000081500000, 0x0000000081600000, 0x0000000081600000|100%| O|  |TAMS 0x0000000081600000, 0x0000000081500000| Untracked 
|  22|0x0000000081600000, 0x0000000081700000, 0x0000000081700000|100%| O|  |TAMS 0x0000000081700000, 0x0000000081600000| Untracked 
|  23|0x0000000081700000, 0x0000000081800000, 0x0000000081800000|100%| O|  |TAMS 0x0000000081800000, 0x0000000081700000| Untracked 
|  24|0x0000000081800000, 0x0000000081900000, 0x0000000081900000|100%| O|  |TAMS 0x0000000081900000, 0x0000000081800000| Untracked 
|  25|0x0000000081900000, 0x0000000081a00000, 0x0000000081a00000|100%| O|  |TAMS 0x0000000081a00000, 0x0000000081900000| Updating 
|  26|0x0000000081a00000, 0x0000000081b00000, 0x0000000081b00000|100%| O|  |TAMS 0x0000000081b00000, 0x0000000081a00000| Updating 
|  27|0x0000000081b00000, 0x0000000081c00000, 0x0000000081c00000|100%| O|  |TAMS 0x0000000081c00000, 0x0000000081b00000| Updating 
|  28|0x0000000081c00000, 0x0000000081d00000, 0x0000000081d00000|100%| O|  |TAMS 0x0000000081d00000, 0x0000000081c00000| Updating 
|  29|0x0000000081d00000, 0x0000000081e00000, 0x0000000081e00000|100%| O|  |TAMS 0x0000000081e00000, 0x0000000081d00000| Untracked 
|  30|0x0000000081e00000, 0x0000000081f00000, 0x0000000081f00000|100%| O|  |TAMS 0x0000000081f00000, 0x0000000081e00000| Updating 
|  31|0x0000000081f00000, 0x0000000082000000, 0x0000000082000000|100%| O|  |TAMS 0x0000000082000000, 0x0000000081f00000| Untracked 
|  32|0x0000000082000000, 0x0000000082100000, 0x0000000082100000|100%| O|  |TAMS 0x0000000082100000, 0x0000000082000000| Untracked 
|  33|0x0000000082100000, 0x0000000082200000, 0x0000000082200000|100%| O|  |TAMS 0x0000000082200000, 0x0000000082100000| Untracked 
|  34|0x0000000082200000, 0x0000000082300000, 0x0000000082300000|100%| O|  |TAMS 0x0000000082300000, 0x0000000082200000| Updating 
|  35|0x0000000082300000, 0x0000000082400000, 0x0000000082400000|100%| O|  |TAMS 0x0000000082400000, 0x0000000082300000| Updating 
|  36|0x0000000082400000, 0x0000000082500000, 0x0000000082500000|100%| O|  |TAMS 0x0000000082500000, 0x0000000082400000| Untracked 
|  37|0x0000000082500000, 0x0000000082600000, 0x0000000082600000|100%| O|  |TAMS 0x0000000082600000, 0x0000000082500000| Updating 
|  38|0x0000000082600000, 0x0000000082700000, 0x0000000082700000|100%|HS|  |TAMS 0x0000000082700000, 0x0000000082600000| Complete 
|  39|0x0000000082700000, 0x0000000082800000, 0x0000000082800000|100%|HC|  |TAMS 0x0000000082800000, 0x0000000082700000| Complete 
|  40|0x0000000082800000, 0x0000000082900000, 0x0000000082900000|100%|HC|  |TAMS 0x0000000082900000, 0x0000000082800000| Complete 
|  41|0x0000000082900000, 0x0000000082a00000, 0x0000000082a00000|100%|HS|  |TAMS 0x0000000082a00000, 0x0000000082900000| Complete 
|  42|0x0000000082a00000, 0x0000000082b00000, 0x0000000082b00000|100%|HC|  |TAMS 0x0000000082b00000, 0x0000000082a00000| Complete 
|  43|0x0000000082b00000, 0x0000000082c00000, 0x0000000082c00000|100%|HC|  |TAMS 0x0000000082c00000, 0x0000000082b00000| Complete 
|  44|0x0000000082c00000, 0x0000000082d00000, 0x0000000082d00000|100%| O|  |TAMS 0x0000000082d00000, 0x0000000082c00000| Untracked 
|  45|0x0000000082d00000, 0x0000000082e00000, 0x0000000082e00000|100%| O|  |TAMS 0x0000000082e00000, 0x0000000082d00000| Updating 
|  46|0x0000000082e00000, 0x0000000082f00000, 0x0000000082f00000|100%| O|  |TAMS 0x0000000082f00000, 0x0000000082e00000| Untracked 
|  47|0x0000000082f00000, 0x0000000083000000, 0x0000000083000000|100%| O|  |TAMS 0x0000000083000000, 0x0000000082f00000| Updating 
|  48|0x0000000083000000, 0x0000000083100000, 0x0000000083100000|100%| O|  |TAMS 0x0000000083100000, 0x0000000083000000| Updating 
|  49|0x0000000083100000, 0x0000000083200000, 0x0000000083200000|100%| O|  |TAMS 0x0000000083200000, 0x0000000083100000| Untracked 
|  50|0x0000000083200000, 0x0000000083300000, 0x0000000083300000|100%| O|  |TAMS 0x0000000083300000, 0x0000000083200000| Updating 
|  51|0x0000000083300000, 0x0000000083400000, 0x0000000083400000|100%| O|  |TAMS 0x0000000083400000, 0x0000000083300000| Untracked 
|  52|0x0000000083400000, 0x0000000083500000, 0x0000000083500000|100%| O|  |TAMS 0x0000000083500000, 0x0000000083400000| Untracked 
|  53|0x0000000083500000, 0x0000000083600000, 0x0000000083600000|100%| O|  |TAMS 0x0000000083600000, 0x0000000083500000| Updating 
|  54|0x0000000083600000, 0x0000000083700000, 0x0000000083700000|100%| O|  |TAMS 0x0000000083700000, 0x0000000083600000| Updating 
|  55|0x0000000083700000, 0x0000000083800000, 0x0000000083800000|100%| O|  |TAMS 0x0000000083800000, 0x0000000083700000| Updating 
|  56|0x0000000083800000, 0x0000000083900000, 0x0000000083900000|100%| O|  |TAMS 0x0000000083900000, 0x0000000083800000| Updating 
|  57|0x0000000083900000, 0x0000000083a00000, 0x0000000083a00000|100%| O|  |TAMS 0x0000000083a00000, 0x0000000083900000| Updating 
|  58|0x0000000083a00000, 0x0000000083b00000, 0x0000000083b00000|100%| O|  |TAMS 0x0000000083b00000, 0x0000000083a00000| Updating 
|  59|0x0000000083b00000, 0x0000000083c00000, 0x0000000083c00000|100%| O|  |TAMS 0x0000000083c00000, 0x0000000083b00000| Updating 
|  60|0x0000000083c00000, 0x0000000083d00000, 0x0000000083d00000|100%| O|  |TAMS 0x0000000083d00000, 0x0000000083c00000| Updating 
|  61|0x0000000083d00000, 0x0000000083e00000, 0x0000000083e00000|100%| O|  |TAMS 0x0000000083e00000, 0x0000000083d00000| Updating 
|  62|0x0000000083e00000, 0x0000000083f00000, 0x0000000083f00000|100%| O|  |TAMS 0x0000000083f00000, 0x0000000083e00000| Updating 
|  63|0x0000000083f00000, 0x0000000084000000, 0x0000000084000000|100%| O|  |TAMS 0x0000000084000000, 0x0000000083f00000| Untracked 
|  64|0x0000000084000000, 0x0000000084100000, 0x0000000084100000|100%| O|  |TAMS 0x0000000084100000, 0x0000000084000000| Updating 
|  65|0x0000000084100000, 0x0000000084200000, 0x0000000084200000|100%| O|  |TAMS 0x0000000084200000, 0x0000000084100000| Updating 
|  66|0x0000000084200000, 0x0000000084300000, 0x0000000084300000|100%| O|  |TAMS 0x0000000084300000, 0x0000000084200000| Untracked 
|  67|0x0000000084300000, 0x0000000084400000, 0x0000000084400000|100%| O|  |TAMS 0x0000000084400000, 0x0000000084300000| Untracked 
|  68|0x0000000084400000, 0x0000000084500000, 0x0000000084500000|100%| O|  |TAMS 0x0000000084500000, 0x0000000084400000| Updating 
|  69|0x0000000084500000, 0x0000000084600000, 0x0000000084600000|100%| O|  |TAMS 0x0000000084600000, 0x0000000084500000| Updating 
|  70|0x0000000084600000, 0x0000000084700000, 0x0000000084700000|100%| O|  |TAMS 0x0000000084700000, 0x0000000084600000| Untracked 
|  71|0x0000000084700000, 0x0000000084800000, 0x0000000084800000|100%| O|  |TAMS 0x0000000084800000, 0x0000000084700000| Untracked 
|  72|0x0000000084800000, 0x0000000084900000, 0x0000000084900000|100%| O|  |TAMS 0x0000000084900000, 0x0000000084800000| Untracked 
|  73|0x0000000084900000, 0x0000000084a00000, 0x0000000084a00000|100%| O|  |TAMS 0x0000000084a00000, 0x0000000084900000| Untracked 
|  74|0x0000000084a00000, 0x0000000084b00000, 0x0000000084b00000|100%| O|  |TAMS 0x0000000084b00000, 0x0000000084a00000| Untracked 
|  75|0x0000000084b00000, 0x0000000084c00000, 0x0000000084c00000|100%| O|  |TAMS 0x0000000084c00000, 0x0000000084b00000| Untracked 
|  76|0x0000000084c00000, 0x0000000084d00000, 0x0000000084d00000|100%| O|  |TAMS 0x0000000084d00000, 0x0000000084c00000| Untracked 
|  77|0x0000000084d00000, 0x0000000084e00000, 0x0000000084e00000|100%| O|  |TAMS 0x0000000084e00000, 0x0000000084d00000| Updating 
|  78|0x0000000084e00000, 0x0000000084f00000, 0x0000000084f00000|100%| O|  |TAMS 0x0000000084f00000, 0x0000000084e00000| Updating 
|  79|0x0000000084f00000, 0x0000000085000000, 0x0000000085000000|100%| O|  |TAMS 0x0000000085000000, 0x0000000084f00000| Untracked 
|  80|0x0000000085000000, 0x0000000085100000, 0x0000000085100000|100%| O|  |TAMS 0x0000000085100000, 0x0000000085000000| Updating 
|  81|0x0000000085100000, 0x0000000085200000, 0x0000000085200000|100%| O|  |TAMS 0x0000000085200000, 0x0000000085100000| Untracked 
|  82|0x0000000085200000, 0x0000000085300000, 0x0000000085300000|100%| O|  |TAMS 0x0000000085300000, 0x0000000085200000| Untracked 
|  83|0x0000000085300000, 0x0000000085400000, 0x0000000085400000|100%| O|  |TAMS 0x0000000085400000, 0x0000000085300000| Untracked 
|  84|0x0000000085400000, 0x0000000085500000, 0x0000000085500000|100%| O|  |TAMS 0x0000000085500000, 0x0000000085400000| Untracked 
|  85|0x0000000085500000, 0x0000000085600000, 0x0000000085600000|100%| O|  |TAMS 0x0000000085600000, 0x0000000085500000| Untracked 
|  86|0x0000000085600000, 0x0000000085700000, 0x0000000085700000|100%| O|  |TAMS 0x0000000085700000, 0x0000000085600000| Untracked 
|  87|0x0000000085700000, 0x0000000085800000, 0x0000000085800000|100%| O|  |TAMS 0x0000000085800000, 0x0000000085700000| Updating 
|  88|0x0000000085800000, 0x0000000085900000, 0x0000000085900000|100%|HS|  |TAMS 0x0000000085900000, 0x0000000085800000| Complete 
|  89|0x0000000085900000, 0x0000000085a00000, 0x0000000085a00000|100%|HS|  |TAMS 0x0000000085a00000, 0x0000000085900000| Complete 
|  90|0x0000000085a00000, 0x0000000085b00000, 0x0000000085b00000|100%|HS|  |TAMS 0x0000000085b00000, 0x0000000085a00000| Complete 
|  91|0x0000000085b00000, 0x0000000085c00000, 0x0000000085c00000|100%|HS|  |TAMS 0x0000000085c00000, 0x0000000085b00000| Complete 
|  92|0x0000000085c00000, 0x0000000085d00000, 0x0000000085d00000|100%| O|  |TAMS 0x0000000085d00000, 0x0000000085c00000| Untracked 
|  93|0x0000000085d00000, 0x0000000085e00000, 0x0000000085e00000|100%|HS|  |TAMS 0x0000000085e00000, 0x0000000085d00000| Complete 
|  94|0x0000000085e00000, 0x0000000085f00000, 0x0000000085f00000|100%|HS|  |TAMS 0x0000000085f00000, 0x0000000085e00000| Complete 
|  95|0x0000000085f00000, 0x0000000086000000, 0x0000000086000000|100%| O|  |TAMS 0x0000000086000000, 0x0000000085f00000| Updating 
|  96|0x0000000086000000, 0x0000000086100000, 0x0000000086100000|100%| O|  |TAMS 0x0000000086100000, 0x0000000086000000| Untracked 
|  97|0x0000000086100000, 0x0000000086200000, 0x0000000086200000|100%| O|  |TAMS 0x0000000086200000, 0x0000000086100000| Untracked 
|  98|0x0000000086200000, 0x0000000086300000, 0x0000000086300000|100%| O|  |TAMS 0x0000000086300000, 0x0000000086200000| Untracked 
|  99|0x0000000086300000, 0x0000000086400000, 0x0000000086400000|100%| O|  |TAMS 0x0000000086400000, 0x0000000086300000| Untracked 
| 100|0x0000000086400000, 0x0000000086500000, 0x0000000086500000|100%| O|  |TAMS 0x0000000086500000, 0x0000000086400000| Untracked 
| 101|0x0000000086500000, 0x0000000086600000, 0x0000000086600000|100%| O|  |TAMS 0x0000000086600000, 0x0000000086500000| Untracked 
| 102|0x0000000086600000, 0x0000000086700000, 0x0000000086700000|100%| O|  |TAMS 0x0000000086700000, 0x0000000086600000| Untracked 
| 103|0x0000000086700000, 0x0000000086800000, 0x0000000086800000|100%| O|  |TAMS 0x0000000086800000, 0x0000000086700000| Updating 
| 104|0x0000000086800000, 0x0000000086900000, 0x0000000086900000|100%| O|  |TAMS 0x0000000086900000, 0x0000000086800000| Updating 
| 105|0x0000000086900000, 0x0000000086a00000, 0x0000000086a00000|100%| O|  |TAMS 0x0000000086a00000, 0x0000000086900000| Updating 
| 106|0x0000000086a00000, 0x0000000086b00000, 0x0000000086b00000|100%|HS|  |TAMS 0x0000000086b00000, 0x0000000086a00000| Complete 
| 107|0x0000000086b00000, 0x0000000086c00000, 0x0000000086c00000|100%| O|  |TAMS 0x0000000086c00000, 0x0000000086b00000| Untracked 
| 108|0x0000000086c00000, 0x0000000086d00000, 0x0000000086d00000|100%| O|  |TAMS 0x0000000086d00000, 0x0000000086c00000| Updating 
| 109|0x0000000086d00000, 0x0000000086e00000, 0x0000000086e00000|100%|HS|  |TAMS 0x0000000086e00000, 0x0000000086d00000| Complete 
| 110|0x0000000086e00000, 0x0000000086f00000, 0x0000000086f00000|100%|HC|  |TAMS 0x0000000086f00000, 0x0000000086e00000| Complete 
| 111|0x0000000086f00000, 0x0000000087000000, 0x0000000087000000|100%|HC|  |TAMS 0x0000000087000000, 0x0000000086f00000| Complete 
| 112|0x0000000087000000, 0x0000000087100000, 0x0000000087100000|100%| O|  |TAMS 0x0000000087100000, 0x0000000087000000| Untracked 
| 113|0x0000000087100000, 0x0000000087200000, 0x0000000087200000|100%|HS|  |TAMS 0x0000000087200000, 0x0000000087100000| Complete 
| 114|0x0000000087200000, 0x0000000087300000, 0x0000000087300000|100%| O|  |TAMS 0x0000000087300000, 0x0000000087200000| Untracked 
| 115|0x0000000087300000, 0x0000000087400000, 0x0000000087400000|100%| O|  |TAMS 0x0000000087400000, 0x0000000087300000| Untracked 
| 116|0x0000000087400000, 0x0000000087500000, 0x0000000087500000|100%| O|  |TAMS 0x0000000087500000, 0x0000000087400000| Untracked 
| 117|0x0000000087500000, 0x0000000087600000, 0x0000000087600000|100%| O|  |TAMS 0x0000000087600000, 0x0000000087500000| Untracked 
| 118|0x0000000087600000, 0x0000000087700000, 0x0000000087700000|100%| O|  |TAMS 0x0000000087700000, 0x0000000087600000| Untracked 
| 119|0x0000000087700000, 0x0000000087800000, 0x0000000087800000|100%| O|  |TAMS 0x0000000087800000, 0x0000000087700000| Untracked 
| 120|0x0000000087800000, 0x0000000087900000, 0x0000000087900000|100%| O|  |TAMS 0x0000000087900000, 0x0000000087800000| Untracked 
| 121|0x0000000087900000, 0x0000000087a00000, 0x0000000087a00000|100%| O|  |TAMS 0x0000000087a00000, 0x0000000087900000| Updating 
| 122|0x0000000087a00000, 0x0000000087b00000, 0x0000000087b00000|100%| O|  |TAMS 0x0000000087b00000, 0x0000000087a00000| Untracked 
| 123|0x0000000087b00000, 0x0000000087c00000, 0x0000000087c00000|100%| O|  |TAMS 0x0000000087c00000, 0x0000000087b00000| Untracked 
| 124|0x0000000087c00000, 0x0000000087d00000, 0x0000000087d00000|100%| O|  |TAMS 0x0000000087d00000, 0x0000000087c00000| Untracked 
| 125|0x0000000087d00000, 0x0000000087e00000, 0x0000000087e00000|100%| O|  |TAMS 0x0000000087e00000, 0x0000000087d00000| Untracked 
| 126|0x0000000087e00000, 0x0000000087f00000, 0x0000000087f00000|100%| O|  |TAMS 0x0000000087f00000, 0x0000000087e00000| Updating 
| 127|0x0000000087f00000, 0x0000000088000000, 0x0000000088000000|100%| O|  |TAMS 0x0000000088000000, 0x0000000087f00000| Untracked 
| 128|0x0000000088000000, 0x0000000088100000, 0x0000000088100000|100%| O|  |TAMS 0x0000000088100000, 0x0000000088000000| Untracked 
| 129|0x0000000088100000, 0x0000000088200000, 0x0000000088200000|100%| O|  |TAMS 0x0000000088200000, 0x0000000088100000| Updating 
| 130|0x0000000088200000, 0x0000000088300000, 0x0000000088300000|100%| O|  |TAMS 0x0000000088300000, 0x0000000088200000| Untracked 
| 131|0x0000000088300000, 0x00000000883ffff8, 0x0000000088400000| 99%| O|  |TAMS 0x00000000883ffff8, 0x0000000088300000| Untracked 
| 132|0x0000000088400000, 0x0000000088500000, 0x0000000088500000|100%| O|  |TAMS 0x0000000088500000, 0x0000000088400000| Untracked 
| 133|0x0000000088500000, 0x0000000088600000, 0x0000000088600000|100%| O|  |TAMS 0x0000000088600000, 0x0000000088500000| Untracked 
| 134|0x0000000088600000, 0x0000000088700000, 0x0000000088700000|100%| O|  |TAMS 0x0000000088700000, 0x0000000088600000| Updating 
| 135|0x0000000088700000, 0x0000000088800000, 0x0000000088800000|100%| O|  |TAMS 0x0000000088800000, 0x0000000088700000| Untracked 
| 136|0x0000000088800000, 0x0000000088900000, 0x0000000088900000|100%| O|  |TAMS 0x0000000088900000, 0x0000000088800000| Untracked 
| 137|0x0000000088900000, 0x0000000088a00000, 0x0000000088a00000|100%| O|  |TAMS 0x0000000088a00000, 0x0000000088900000| Updating 
| 138|0x0000000088a00000, 0x0000000088b00000, 0x0000000088b00000|100%| O|  |TAMS 0x0000000088b00000, 0x0000000088a00000| Updating 
| 139|0x0000000088b00000, 0x0000000088c00000, 0x0000000088c00000|100%| O|  |TAMS 0x0000000088c00000, 0x0000000088b00000| Updating 
| 140|0x0000000088c00000, 0x0000000088d00000, 0x0000000088d00000|100%| O|  |TAMS 0x0000000088d00000, 0x0000000088c00000| Updating 
| 141|0x0000000088d00000, 0x0000000088e00000, 0x0000000088e00000|100%| O|  |TAMS 0x0000000088e00000, 0x0000000088d00000| Updating 
| 142|0x0000000088e00000, 0x0000000088f00000, 0x0000000088f00000|100%| O|  |TAMS 0x0000000088f00000, 0x0000000088e00000| Untracked 
| 143|0x0000000088f00000, 0x0000000089000000, 0x0000000089000000|100%| O|  |TAMS 0x0000000089000000, 0x0000000088f00000| Untracked 
| 144|0x0000000089000000, 0x0000000089100000, 0x0000000089100000|100%| O|  |TAMS 0x0000000089100000, 0x0000000089000000| Updating 
| 145|0x0000000089100000, 0x0000000089200000, 0x0000000089200000|100%| O|  |TAMS 0x0000000089200000, 0x0000000089100000| Untracked 
| 146|0x0000000089200000, 0x0000000089300000, 0x0000000089300000|100%| O|  |TAMS 0x0000000089300000, 0x0000000089200000| Untracked 
| 147|0x0000000089300000, 0x0000000089400000, 0x0000000089400000|100%| O|  |TAMS 0x0000000089400000, 0x0000000089300000| Untracked 
| 148|0x0000000089400000, 0x0000000089500000, 0x0000000089500000|100%| O|  |TAMS 0x0000000089500000, 0x0000000089400000| Untracked 
| 149|0x0000000089500000, 0x0000000089600000, 0x0000000089600000|100%| O|  |TAMS 0x0000000089600000, 0x0000000089500000| Updating 
| 150|0x0000000089600000, 0x0000000089700000, 0x0000000089700000|100%|HS|  |TAMS 0x0000000089700000, 0x0000000089600000| Complete 
| 151|0x0000000089700000, 0x0000000089800000, 0x0000000089800000|100%| O|  |TAMS 0x0000000089800000, 0x0000000089700000| Updating 
| 152|0x0000000089800000, 0x0000000089900000, 0x0000000089900000|100%| O|  |TAMS 0x0000000089900000, 0x0000000089800000| Updating 
| 153|0x0000000089900000, 0x0000000089a00000, 0x0000000089a00000|100%| O|  |TAMS 0x0000000089a00000, 0x0000000089900000| Updating 
| 154|0x0000000089a00000, 0x0000000089b00000, 0x0000000089b00000|100%| O|  |TAMS 0x0000000089b00000, 0x0000000089a00000| Updating 
| 155|0x0000000089b00000, 0x0000000089c00000, 0x0000000089c00000|100%| O|  |TAMS 0x0000000089c00000, 0x0000000089b00000| Updating 
| 156|0x0000000089c00000, 0x0000000089d00000, 0x0000000089d00000|100%| O|  |TAMS 0x0000000089d00000, 0x0000000089c00000| Updating 
| 157|0x0000000089d00000, 0x0000000089e00000, 0x0000000089e00000|100%| O|  |TAMS 0x0000000089e00000, 0x0000000089d00000| Untracked 
| 158|0x0000000089e00000, 0x0000000089f00000, 0x0000000089f00000|100%| O|  |TAMS 0x0000000089f00000, 0x0000000089e00000| Updating 
| 159|0x0000000089f00000, 0x000000008a000000, 0x000000008a000000|100%| O|  |TAMS 0x000000008a000000, 0x0000000089f00000| Untracked 
| 160|0x000000008a000000, 0x000000008a100000, 0x000000008a100000|100%| O|  |TAMS 0x000000008a100000, 0x000000008a000000| Untracked 
| 161|0x000000008a100000, 0x000000008a200000, 0x000000008a200000|100%| O|  |TAMS 0x000000008a200000, 0x000000008a100000| Untracked 
| 162|0x000000008a200000, 0x000000008a300000, 0x000000008a300000|100%| O|  |TAMS 0x000000008a300000, 0x000000008a200000| Untracked 
| 163|0x000000008a300000, 0x000000008a400000, 0x000000008a400000|100%| O|  |TAMS 0x000000008a400000, 0x000000008a300000| Untracked 
| 164|0x000000008a400000, 0x000000008a500000, 0x000000008a500000|100%| O|  |TAMS 0x000000008a500000, 0x000000008a400000| Updating 
| 165|0x000000008a500000, 0x000000008a600000, 0x000000008a600000|100%| O|  |TAMS 0x000000008a600000, 0x000000008a500000| Untracked 
| 166|0x000000008a600000, 0x000000008a700000, 0x000000008a700000|100%| O|  |TAMS 0x000000008a700000, 0x000000008a600000| Untracked 
| 167|0x000000008a700000, 0x000000008a800000, 0x000000008a800000|100%| O|  |TAMS 0x000000008a800000, 0x000000008a700000| Updating 
| 168|0x000000008a800000, 0x000000008a900000, 0x000000008a900000|100%| O|  |TAMS 0x000000008a900000, 0x000000008a800000| Untracked 
| 169|0x000000008a900000, 0x000000008aa00000, 0x000000008aa00000|100%| O|  |TAMS 0x000000008aa00000, 0x000000008a900000| Updating 
| 170|0x000000008aa00000, 0x000000008ab00000, 0x000000008ab00000|100%| O|  |TAMS 0x000000008ab00000, 0x000000008aa00000| Untracked 
| 171|0x000000008ab00000, 0x000000008ac00000, 0x000000008ac00000|100%| O|  |TAMS 0x000000008ac00000, 0x000000008ab00000| Updating 
| 172|0x000000008ac00000, 0x000000008ad00000, 0x000000008ad00000|100%| O|  |TAMS 0x000000008ad00000, 0x000000008ac00000| Untracked 
| 173|0x000000008ad00000, 0x000000008ae00000, 0x000000008ae00000|100%| O|  |TAMS 0x000000008ae00000, 0x000000008ad00000| Untracked 
| 174|0x000000008ae00000, 0x000000008af00000, 0x000000008af00000|100%| O|  |TAMS 0x000000008af00000, 0x000000008ae00000| Untracked 
| 175|0x000000008af00000, 0x000000008b000000, 0x000000008b000000|100%| O|  |TAMS 0x000000008b000000, 0x000000008af00000| Untracked 
| 176|0x000000008b000000, 0x000000008b100000, 0x000000008b100000|100%| O|  |TAMS 0x000000008b100000, 0x000000008b000000| Updating 
| 177|0x000000008b100000, 0x000000008b200000, 0x000000008b200000|100%| O|  |TAMS 0x000000008b200000, 0x000000008b100000| Updating 
| 178|0x000000008b200000, 0x000000008b300000, 0x000000008b300000|100%| O|  |TAMS 0x000000008b300000, 0x000000008b200000| Untracked 
| 179|0x000000008b300000, 0x000000008b400000, 0x000000008b400000|100%| O|  |TAMS 0x000000008b400000, 0x000000008b300000| Updating 
| 180|0x000000008b400000, 0x000000008b500000, 0x000000008b500000|100%| O|  |TAMS 0x000000008b500000, 0x000000008b400000| Updating 
| 181|0x000000008b500000, 0x000000008b600000, 0x000000008b600000|100%| O|  |TAMS 0x000000008b600000, 0x000000008b500000| Updating 
| 182|0x000000008b600000, 0x000000008b700000, 0x000000008b700000|100%| O|  |TAMS 0x000000008b700000, 0x000000008b600000| Updating 
| 183|0x000000008b700000, 0x000000008b800000, 0x000000008b800000|100%| O|  |TAMS 0x000000008b800000, 0x000000008b700000| Untracked 
| 184|0x000000008b800000, 0x000000008b900000, 0x000000008b900000|100%| O|  |TAMS 0x000000008b900000, 0x000000008b800000| Updating 
| 185|0x000000008b900000, 0x000000008ba00000, 0x000000008ba00000|100%| O|  |TAMS 0x000000008ba00000, 0x000000008b900000| Updating 
| 186|0x000000008ba00000, 0x000000008bb00000, 0x000000008bb00000|100%| O|  |TAMS 0x000000008bb00000, 0x000000008ba00000| Untracked 
| 187|0x000000008bb00000, 0x000000008bc00000, 0x000000008bc00000|100%| O|  |TAMS 0x000000008bc00000, 0x000000008bb00000| Updating 
| 188|0x000000008bc00000, 0x000000008bd00000, 0x000000008bd00000|100%| O|  |TAMS 0x000000008bd00000, 0x000000008bc00000| Untracked 
| 189|0x000000008bd00000, 0x000000008be00000, 0x000000008be00000|100%| O|  |TAMS 0x000000008be00000, 0x000000008bd00000| Untracked 
| 190|0x000000008be00000, 0x000000008bf00000, 0x000000008bf00000|100%| O|  |TAMS 0x000000008bf00000, 0x000000008be00000| Updating 
| 191|0x000000008bf00000, 0x000000008c000000, 0x000000008c000000|100%| O|  |TAMS 0x000000008c000000, 0x000000008bf00000| Updating 
| 192|0x000000008c000000, 0x000000008c100000, 0x000000008c100000|100%| O|  |TAMS 0x000000008c100000, 0x000000008c000000| Untracked 
| 193|0x000000008c100000, 0x000000008c200000, 0x000000008c200000|100%| O|  |TAMS 0x000000008c200000, 0x000000008c100000| Untracked 
| 194|0x000000008c200000, 0x000000008c300000, 0x000000008c300000|100%| O|  |TAMS 0x000000008c300000, 0x000000008c200000| Updating 
| 195|0x000000008c300000, 0x000000008c400000, 0x000000008c400000|100%| O|  |TAMS 0x000000008c400000, 0x000000008c300000| Updating 
| 196|0x000000008c400000, 0x000000008c500000, 0x000000008c500000|100%| O|  |TAMS 0x000000008c500000, 0x000000008c400000| Untracked 
| 197|0x000000008c500000, 0x000000008c600000, 0x000000008c600000|100%| O|  |TAMS 0x000000008c600000, 0x000000008c500000| Updating 
| 198|0x000000008c600000, 0x000000008c700000, 0x000000008c700000|100%| O|  |TAMS 0x000000008c700000, 0x000000008c600000| Untracked 
| 199|0x000000008c700000, 0x000000008c800000, 0x000000008c800000|100%| O|  |TAMS 0x000000008c800000, 0x000000008c700000| Untracked 
| 200|0x000000008c800000, 0x000000008c900000, 0x000000008c900000|100%| O|  |TAMS 0x000000008c900000, 0x000000008c800000| Untracked 
| 201|0x000000008c900000, 0x000000008ca00000, 0x000000008ca00000|100%| O|  |TAMS 0x000000008ca00000, 0x000000008c900000| Untracked 
| 202|0x000000008ca00000, 0x000000008cb00000, 0x000000008cb00000|100%| O|  |TAMS 0x000000008cb00000, 0x000000008ca00000| Untracked 
| 203|0x000000008cb00000, 0x000000008cc00000, 0x000000008cc00000|100%| O|  |TAMS 0x000000008cc00000, 0x000000008cb00000| Updating 
| 204|0x000000008cc00000, 0x000000008cd00000, 0x000000008cd00000|100%| O|  |TAMS 0x000000008cd00000, 0x000000008cc00000| Updating 
| 205|0x000000008cd00000, 0x000000008ce00000, 0x000000008ce00000|100%| O|  |TAMS 0x000000008ce00000, 0x000000008cd00000| Untracked 
| 206|0x000000008ce00000, 0x000000008cf00000, 0x000000008cf00000|100%| O|  |TAMS 0x000000008cf00000, 0x000000008ce00000| Untracked 
| 207|0x000000008cf00000, 0x000000008d000000, 0x000000008d000000|100%| O|  |TAMS 0x000000008d000000, 0x000000008cf00000| Updating 
| 208|0x000000008d000000, 0x000000008d100000, 0x000000008d100000|100%| O|  |TAMS 0x000000008d100000, 0x000000008d000000| Updating 
| 209|0x000000008d100000, 0x000000008d200000, 0x000000008d200000|100%| O|  |TAMS 0x000000008d200000, 0x000000008d100000| Untracked 
| 210|0x000000008d200000, 0x000000008d300000, 0x000000008d300000|100%|HS|  |TAMS 0x000000008d300000, 0x000000008d200000| Complete 
| 211|0x000000008d300000, 0x000000008d400000, 0x000000008d400000|100%|HC|  |TAMS 0x000000008d400000, 0x000000008d300000| Complete 
| 212|0x000000008d400000, 0x000000008d500000, 0x000000008d500000|100%|HC|  |TAMS 0x000000008d500000, 0x000000008d400000| Complete 
| 213|0x000000008d500000, 0x000000008d600000, 0x000000008d600000|100%|HS|  |TAMS 0x000000008d600000, 0x000000008d500000| Complete 
| 214|0x000000008d600000, 0x000000008d700000, 0x000000008d700000|100%|HC|  |TAMS 0x000000008d700000, 0x000000008d600000| Complete 
| 215|0x000000008d700000, 0x000000008d800000, 0x000000008d800000|100%|HC|  |TAMS 0x000000008d800000, 0x000000008d700000| Complete 
| 216|0x000000008d800000, 0x000000008d900000, 0x000000008d900000|100%| O|  |TAMS 0x000000008d900000, 0x000000008d800000| Untracked 
| 217|0x000000008d900000, 0x000000008da00000, 0x000000008da00000|100%| O|  |TAMS 0x000000008da00000, 0x000000008d900000| Untracked 
| 218|0x000000008da00000, 0x000000008db00000, 0x000000008db00000|100%| O|  |TAMS 0x000000008db00000, 0x000000008da00000| Updating 
| 219|0x000000008db00000, 0x000000008dc00000, 0x000000008dc00000|100%| O|  |TAMS 0x000000008dc00000, 0x000000008db00000| Untracked 
| 220|0x000000008dc00000, 0x000000008dd00000, 0x000000008dd00000|100%| O|  |TAMS 0x000000008dd00000, 0x000000008dc00000| Updating 
| 221|0x000000008dd00000, 0x000000008de00000, 0x000000008de00000|100%| O|  |TAMS 0x000000008de00000, 0x000000008dd00000| Updating 
| 222|0x000000008de00000, 0x000000008df00000, 0x000000008df00000|100%| O|  |TAMS 0x000000008df00000, 0x000000008de00000| Untracked 
| 223|0x000000008df00000, 0x000000008e000000, 0x000000008e000000|100%| O|  |TAMS 0x000000008e000000, 0x000000008df00000| Updating 
| 224|0x000000008e000000, 0x000000008e100000, 0x000000008e100000|100%| O|  |TAMS 0x000000008e100000, 0x000000008e000000| Updating 
| 225|0x000000008e100000, 0x000000008e200000, 0x000000008e200000|100%| O|  |TAMS 0x000000008e200000, 0x000000008e100000| Untracked 
| 226|0x000000008e200000, 0x000000008e300000, 0x000000008e300000|100%| O|  |TAMS 0x000000008e300000, 0x000000008e200000| Untracked 
| 227|0x000000008e300000, 0x000000008e400000, 0x000000008e400000|100%| O|  |TAMS 0x000000008e400000, 0x000000008e300000| Updating 
| 228|0x000000008e400000, 0x000000008e500000, 0x000000008e500000|100%| O|  |TAMS 0x000000008e500000, 0x000000008e400000| Updating 
| 229|0x000000008e500000, 0x000000008e600000, 0x000000008e600000|100%| O|  |TAMS 0x000000008e600000, 0x000000008e500000| Updating 
| 230|0x000000008e600000, 0x000000008e700000, 0x000000008e700000|100%| O|  |TAMS 0x000000008e700000, 0x000000008e600000| Updating 
| 231|0x000000008e700000, 0x000000008e800000, 0x000000008e800000|100%| O|  |TAMS 0x000000008e800000, 0x000000008e700000| Updating 
| 232|0x000000008e800000, 0x000000008e900000, 0x000000008e900000|100%| O|  |TAMS 0x000000008e900000, 0x000000008e800000| Updating 
| 233|0x000000008e900000, 0x000000008ea00000, 0x000000008ea00000|100%| O|  |TAMS 0x000000008ea00000, 0x000000008e900000| Updating 
| 234|0x000000008ea00000, 0x000000008eb00000, 0x000000008eb00000|100%| O|  |TAMS 0x000000008eb00000, 0x000000008ea00000| Updating 
| 235|0x000000008eb00000, 0x000000008ec00000, 0x000000008ec00000|100%| O|  |TAMS 0x000000008ec00000, 0x000000008eb00000| Updating 
| 236|0x000000008ec00000, 0x000000008ed00000, 0x000000008ed00000|100%| O|  |TAMS 0x000000008ed00000, 0x000000008ec00000| Untracked 
| 237|0x000000008ed00000, 0x000000008ee00000, 0x000000008ee00000|100%|HS|  |TAMS 0x000000008ee00000, 0x000000008ed00000| Complete 
| 238|0x000000008ee00000, 0x000000008ef00000, 0x000000008ef00000|100%| O|  |TAMS 0x000000008ef00000, 0x000000008ee00000| Untracked 
| 239|0x000000008ef00000, 0x000000008f000000, 0x000000008f000000|100%| O|  |TAMS 0x000000008f000000, 0x000000008ef00000| Updating 
| 240|0x000000008f000000, 0x000000008f100000, 0x000000008f100000|100%| O|  |TAMS 0x000000008f100000, 0x000000008f000000| Updating 
| 241|0x000000008f100000, 0x000000008f200000, 0x000000008f200000|100%| O|  |TAMS 0x000000008f200000, 0x000000008f100000| Updating 
| 242|0x000000008f200000, 0x000000008f300000, 0x000000008f300000|100%| O|  |TAMS 0x000000008f300000, 0x000000008f200000| Updating 
| 243|0x000000008f300000, 0x000000008f400000, 0x000000008f400000|100%| O|  |TAMS 0x000000008f400000, 0x000000008f300000| Untracked 
| 244|0x000000008f400000, 0x000000008f500000, 0x000000008f500000|100%| O|  |TAMS 0x000000008f500000, 0x000000008f400000| Updating 
| 245|0x000000008f500000, 0x000000008f600000, 0x000000008f600000|100%| O|  |TAMS 0x000000008f600000, 0x000000008f500000| Untracked 
| 246|0x000000008f600000, 0x000000008f700000, 0x000000008f700000|100%| O|  |TAMS 0x000000008f700000, 0x000000008f600000| Updating 
| 247|0x000000008f700000, 0x000000008f800000, 0x000000008f800000|100%| O|  |TAMS 0x000000008f800000, 0x000000008f700000| Untracked 
| 248|0x000000008f800000, 0x000000008f900000, 0x000000008f900000|100%| O|  |TAMS 0x000000008f900000, 0x000000008f800000| Updating 
| 249|0x000000008f900000, 0x000000008fa00000, 0x000000008fa00000|100%| O|  |TAMS 0x000000008fa00000, 0x000000008f900000| Updating 
| 250|0x000000008fa00000, 0x000000008fa00000, 0x000000008fb00000|  0%| F|  |TAMS 0x000000008fa00000, 0x000000008fa00000| Untracked 
| 251|0x000000008fb00000, 0x000000008fb00000, 0x000000008fc00000|  0%| F|  |TAMS 0x000000008fb00000, 0x000000008fb00000| Untracked 
| 252|0x000000008fc00000, 0x000000008fd00000, 0x000000008fd00000|100%| O|  |TAMS 0x000000008fd00000, 0x000000008fc00000| Updating 
| 253|0x000000008fd00000, 0x000000008fd00000, 0x000000008fe00000|  0%| F|  |TAMS 0x000000008fd00000, 0x000000008fd00000| Untracked 
| 254|0x000000008fe00000, 0x000000008ff00000, 0x000000008ff00000|100%| O|  |TAMS 0x000000008ff00000, 0x000000008fe00000| Updating 
| 255|0x000000008ff00000, 0x0000000090000000, 0x0000000090000000|100%| O|  |TAMS 0x0000000090000000, 0x000000008ff00000| Updating 
| 256|0x0000000090000000, 0x0000000090100000, 0x0000000090100000|100%| O|  |TAMS 0x0000000090100000, 0x0000000090000000| Updating 
| 257|0x0000000090100000, 0x0000000090200000, 0x0000000090200000|100%| O|  |TAMS 0x0000000090200000, 0x0000000090100000| Updating 
| 258|0x0000000090200000, 0x0000000090300000, 0x0000000090300000|100%| O|  |TAMS 0x0000000090300000, 0x0000000090200000| Updating 
| 259|0x0000000090300000, 0x0000000090400000, 0x0000000090400000|100%| O|  |TAMS 0x0000000090400000, 0x0000000090300000| Updating 
| 260|0x0000000090400000, 0x0000000090500000, 0x0000000090500000|100%| O|  |TAMS 0x0000000090500000, 0x0000000090400000| Updating 
| 261|0x0000000090500000, 0x0000000090600000, 0x0000000090600000|100%| O|  |TAMS 0x0000000090600000, 0x0000000090500000| Updating 
| 262|0x0000000090600000, 0x0000000090700000, 0x0000000090700000|100%| O|  |TAMS 0x0000000090700000, 0x0000000090600000| Untracked 
| 263|0x0000000090700000, 0x0000000090800000, 0x0000000090800000|100%| O|  |TAMS 0x0000000090800000, 0x0000000090700000| Untracked 
| 264|0x0000000090800000, 0x0000000090900000, 0x0000000090900000|100%| O|  |TAMS 0x0000000090900000, 0x0000000090800000| Updating 
| 265|0x0000000090900000, 0x0000000090a00000, 0x0000000090a00000|100%| O|  |TAMS 0x0000000090a00000, 0x0000000090900000| Updating 
| 266|0x0000000090a00000, 0x0000000090b00000, 0x0000000090b00000|100%| O|  |TAMS 0x0000000090b00000, 0x0000000090a00000| Untracked 
| 267|0x0000000090b00000, 0x0000000090c00000, 0x0000000090c00000|100%| O|  |TAMS 0x0000000090c00000, 0x0000000090b00000| Updating 
| 268|0x0000000090c00000, 0x0000000090d00000, 0x0000000090d00000|100%| O|  |TAMS 0x0000000090d00000, 0x0000000090c00000| Updating 
| 269|0x0000000090d00000, 0x0000000090e00000, 0x0000000090e00000|100%| O|  |TAMS 0x0000000090e00000, 0x0000000090d00000| Updating 
| 270|0x0000000090e00000, 0x0000000090f00000, 0x0000000090f00000|100%| O|  |TAMS 0x0000000090f00000, 0x0000000090e00000| Untracked 
| 271|0x0000000090f00000, 0x0000000091000000, 0x0000000091000000|100%| O|  |TAMS 0x0000000091000000, 0x0000000090f00000| Untracked 
| 272|0x0000000091000000, 0x0000000091100000, 0x0000000091100000|100%| O|  |TAMS 0x0000000091100000, 0x0000000091000000| Untracked 
| 273|0x0000000091100000, 0x0000000091200000, 0x0000000091200000|100%| O|  |TAMS 0x0000000091200000, 0x0000000091100000| Untracked 
| 274|0x0000000091200000, 0x0000000091300000, 0x0000000091300000|100%| O|  |TAMS 0x0000000091300000, 0x0000000091200000| Untracked 
| 275|0x0000000091300000, 0x0000000091400000, 0x0000000091400000|100%| O|  |TAMS 0x0000000091400000, 0x0000000091300000| Untracked 
| 276|0x0000000091400000, 0x0000000091500000, 0x0000000091500000|100%| O|  |TAMS 0x0000000091500000, 0x0000000091400000| Untracked 
| 277|0x0000000091500000, 0x0000000091600000, 0x0000000091600000|100%| O|  |TAMS 0x0000000091600000, 0x0000000091500000| Untracked 
| 278|0x0000000091600000, 0x0000000091700000, 0x0000000091700000|100%| O|  |TAMS 0x0000000091700000, 0x0000000091600000| Untracked 
| 279|0x0000000091700000, 0x0000000091800000, 0x0000000091800000|100%| O|  |TAMS 0x0000000091800000, 0x0000000091700000| Updating 
| 280|0x0000000091800000, 0x0000000091900000, 0x0000000091900000|100%| O|  |TAMS 0x0000000091900000, 0x0000000091800000| Updating 
| 281|0x0000000091900000, 0x0000000091a00000, 0x0000000091a00000|100%| O|  |TAMS 0x0000000091a00000, 0x0000000091900000| Updating 
| 282|0x0000000091a00000, 0x0000000091b00000, 0x0000000091b00000|100%| O|  |TAMS 0x0000000091b00000, 0x0000000091a00000| Updating 
| 283|0x0000000091b00000, 0x0000000091c00000, 0x0000000091c00000|100%| O|  |TAMS 0x0000000091c00000, 0x0000000091b00000| Updating 
| 284|0x0000000091c00000, 0x0000000091d00000, 0x0000000091d00000|100%| O|  |TAMS 0x0000000091d00000, 0x0000000091c00000| Updating 
| 285|0x0000000091d00000, 0x0000000091e00000, 0x0000000091e00000|100%| O|  |TAMS 0x0000000091e00000, 0x0000000091d00000| Updating 
| 286|0x0000000091e00000, 0x0000000091f00000, 0x0000000091f00000|100%| O|  |TAMS 0x0000000091f00000, 0x0000000091e00000| Updating 
| 287|0x0000000091f00000, 0x0000000092000000, 0x0000000092000000|100%| O|  |TAMS 0x0000000092000000, 0x0000000091f00000| Updating 
| 288|0x0000000092000000, 0x0000000092100000, 0x0000000092100000|100%| O|  |TAMS 0x0000000092100000, 0x0000000092000000| Updating 
| 289|0x0000000092100000, 0x0000000092200000, 0x0000000092200000|100%| O|  |TAMS 0x0000000092200000, 0x0000000092100000| Updating 
| 290|0x0000000092200000, 0x0000000092300000, 0x0000000092300000|100%| O|  |TAMS 0x0000000092300000, 0x0000000092200000| Updating 
| 291|0x0000000092300000, 0x0000000092400000, 0x0000000092400000|100%| O|  |TAMS 0x0000000092400000, 0x0000000092300000| Untracked 
| 292|0x0000000092400000, 0x0000000092500000, 0x0000000092500000|100%| O|  |TAMS 0x0000000092500000, 0x0000000092400000| Untracked 
| 293|0x0000000092500000, 0x0000000092600000, 0x0000000092600000|100%| O|  |TAMS 0x0000000092600000, 0x0000000092500000| Untracked 
| 294|0x0000000092600000, 0x0000000092700000, 0x0000000092700000|100%| O|  |TAMS 0x0000000092700000, 0x0000000092600000| Updating 
| 295|0x0000000092700000, 0x0000000092800000, 0x0000000092800000|100%| O|  |TAMS 0x0000000092800000, 0x0000000092700000| Updating 
| 296|0x0000000092800000, 0x0000000092900000, 0x0000000092900000|100%| O|  |TAMS 0x0000000092900000, 0x0000000092800000| Updating 
| 297|0x0000000092900000, 0x0000000092a00000, 0x0000000092a00000|100%| O|  |TAMS 0x0000000092a00000, 0x0000000092900000| Updating 
| 298|0x0000000092a00000, 0x0000000092b00000, 0x0000000092b00000|100%| O|  |TAMS 0x0000000092b00000, 0x0000000092a00000| Untracked 
| 299|0x0000000092b00000, 0x0000000092c00000, 0x0000000092c00000|100%| O|  |TAMS 0x0000000092c00000, 0x0000000092b00000| Updating 
| 300|0x0000000092c00000, 0x0000000092d00000, 0x0000000092d00000|100%| O|  |TAMS 0x0000000092d00000, 0x0000000092c00000| Updating 
| 301|0x0000000092d00000, 0x0000000092e00000, 0x0000000092e00000|100%| O|  |TAMS 0x0000000092e00000, 0x0000000092d00000| Updating 
| 302|0x0000000092e00000, 0x0000000092f00000, 0x0000000092f00000|100%| O|  |TAMS 0x0000000092f00000, 0x0000000092e00000| Updating 
| 303|0x0000000092f00000, 0x0000000093000000, 0x0000000093000000|100%| O|  |TAMS 0x0000000093000000, 0x0000000092f00000| Untracked 
| 304|0x0000000093000000, 0x0000000093100000, 0x0000000093100000|100%| O|  |TAMS 0x0000000093100000, 0x0000000093000000| Untracked 
| 305|0x0000000093100000, 0x0000000093200000, 0x0000000093200000|100%|HS|  |TAMS 0x0000000093200000, 0x0000000093100000| Complete 
| 306|0x0000000093200000, 0x0000000093300000, 0x0000000093300000|100%|HC|  |TAMS 0x0000000093300000, 0x0000000093200000| Complete 
| 307|0x0000000093300000, 0x0000000093400000, 0x0000000093400000|100%|HS|  |TAMS 0x0000000093400000, 0x0000000093300000| Complete 
| 308|0x0000000093400000, 0x0000000093500000, 0x0000000093500000|100%|HC|  |TAMS 0x0000000093500000, 0x0000000093400000| Complete 
| 309|0x0000000093500000, 0x0000000093600000, 0x0000000093600000|100%| O|  |TAMS 0x0000000093600000, 0x0000000093500000| Updating 
| 310|0x0000000093600000, 0x0000000093700000, 0x0000000093700000|100%| O|  |TAMS 0x0000000093700000, 0x0000000093600000| Untracked 
| 311|0x0000000093700000, 0x0000000093800000, 0x0000000093800000|100%| O|  |TAMS 0x0000000093800000, 0x0000000093700000| Untracked 
| 312|0x0000000093800000, 0x0000000093900000, 0x0000000093900000|100%| O|  |TAMS 0x0000000093900000, 0x0000000093800000| Untracked 
| 313|0x0000000093900000, 0x0000000093a00000, 0x0000000093a00000|100%| O|  |TAMS 0x0000000093a00000, 0x0000000093900000| Untracked 
| 314|0x0000000093a00000, 0x0000000093b00000, 0x0000000093b00000|100%| O|  |TAMS 0x0000000093b00000, 0x0000000093a00000| Updating 
| 315|0x0000000093b00000, 0x0000000093c00000, 0x0000000093c00000|100%| O|  |TAMS 0x0000000093c00000, 0x0000000093b00000| Updating 
| 316|0x0000000093c00000, 0x0000000093d00000, 0x0000000093d00000|100%| O|  |TAMS 0x0000000093d00000, 0x0000000093c00000| Updating 
| 317|0x0000000093d00000, 0x0000000093e00000, 0x0000000093e00000|100%| O|  |TAMS 0x0000000093e00000, 0x0000000093d00000| Updating 
| 318|0x0000000093e00000, 0x0000000093f00000, 0x0000000093f00000|100%| O|  |TAMS 0x0000000093f00000, 0x0000000093e00000| Updating 
| 319|0x0000000093f00000, 0x0000000094000000, 0x0000000094000000|100%| O|  |TAMS 0x0000000094000000, 0x0000000093f00000| Updating 
| 320|0x0000000094000000, 0x0000000094100000, 0x0000000094100000|100%| O|  |TAMS 0x0000000094100000, 0x0000000094000000| Updating 
| 321|0x0000000094100000, 0x0000000094200000, 0x0000000094200000|100%| O|  |TAMS 0x0000000094200000, 0x0000000094100000| Untracked 
| 322|0x0000000094200000, 0x0000000094300000, 0x0000000094300000|100%| O|  |TAMS 0x0000000094300000, 0x0000000094200000| Updating 
| 323|0x0000000094300000, 0x0000000094400000, 0x0000000094400000|100%| O|  |TAMS 0x0000000094400000, 0x0000000094300000| Updating 
| 324|0x0000000094400000, 0x0000000094500000, 0x0000000094500000|100%| O|  |TAMS 0x0000000094500000, 0x0000000094400000| Updating 
| 325|0x0000000094500000, 0x0000000094600000, 0x0000000094600000|100%| O|  |TAMS 0x0000000094600000, 0x0000000094500000| Untracked 
| 326|0x0000000094600000, 0x0000000094700000, 0x0000000094700000|100%| O|  |TAMS 0x0000000094700000, 0x0000000094600000| Updating 
| 327|0x0000000094700000, 0x0000000094800000, 0x0000000094800000|100%| O|  |TAMS 0x0000000094800000, 0x0000000094700000| Untracked 
| 328|0x0000000094800000, 0x0000000094900000, 0x0000000094900000|100%| O|  |TAMS 0x0000000094900000, 0x0000000094800000| Untracked 
| 329|0x0000000094900000, 0x0000000094a00000, 0x0000000094a00000|100%| O|  |TAMS 0x0000000094a00000, 0x0000000094900000| Untracked 
| 330|0x0000000094a00000, 0x0000000094b00000, 0x0000000094b00000|100%| O|  |TAMS 0x0000000094b00000, 0x0000000094a00000| Updating 
| 331|0x0000000094b00000, 0x0000000094c00000, 0x0000000094c00000|100%| O|  |TAMS 0x0000000094c00000, 0x0000000094b00000| Untracked 
| 332|0x0000000094c00000, 0x0000000094d00000, 0x0000000094d00000|100%| O|  |TAMS 0x0000000094d00000, 0x0000000094c00000| Untracked 
| 333|0x0000000094d00000, 0x0000000094e00000, 0x0000000094e00000|100%| O|  |TAMS 0x0000000094e00000, 0x0000000094d00000| Updating 
| 334|0x0000000094e00000, 0x0000000094f00000, 0x0000000094f00000|100%| O|  |TAMS 0x0000000094f00000, 0x0000000094e00000| Updating 
| 335|0x0000000094f00000, 0x0000000095000000, 0x0000000095000000|100%| O|  |TAMS 0x0000000095000000, 0x0000000094f00000| Updating 
| 336|0x0000000095000000, 0x0000000095100000, 0x0000000095100000|100%| O|  |TAMS 0x0000000095100000, 0x0000000095000000| Updating 
| 337|0x0000000095100000, 0x0000000095200000, 0x0000000095200000|100%| O|  |TAMS 0x0000000095200000, 0x0000000095100000| Updating 
| 338|0x0000000095200000, 0x0000000095300000, 0x0000000095300000|100%| O|  |TAMS 0x0000000095300000, 0x0000000095200000| Updating 
| 339|0x0000000095300000, 0x0000000095400000, 0x0000000095400000|100%| O|  |TAMS 0x0000000095400000, 0x0000000095300000| Updating 
| 340|0x0000000095400000, 0x0000000095500000, 0x0000000095500000|100%| O|  |TAMS 0x0000000095500000, 0x0000000095400000| Updating 
| 341|0x0000000095500000, 0x0000000095600000, 0x0000000095600000|100%| O|  |TAMS 0x0000000095600000, 0x0000000095500000| Updating 
| 342|0x0000000095600000, 0x0000000095700000, 0x0000000095700000|100%| O|  |TAMS 0x0000000095700000, 0x0000000095600000| Updating 
| 343|0x0000000095700000, 0x0000000095800000, 0x0000000095800000|100%| O|  |TAMS 0x0000000095800000, 0x0000000095700000| Updating 
| 344|0x0000000095800000, 0x0000000095900000, 0x0000000095900000|100%| O|  |TAMS 0x0000000095900000, 0x0000000095800000| Updating 
| 345|0x0000000095900000, 0x0000000095a00000, 0x0000000095a00000|100%| O|  |TAMS 0x0000000095a00000, 0x0000000095900000| Untracked 
| 346|0x0000000095a00000, 0x0000000095b00000, 0x0000000095b00000|100%| O|  |TAMS 0x0000000095b00000, 0x0000000095a00000| Updating 
| 347|0x0000000095b00000, 0x0000000095c00000, 0x0000000095c00000|100%| O|  |TAMS 0x0000000095c00000, 0x0000000095b00000| Updating 
| 348|0x0000000095c00000, 0x0000000095d00000, 0x0000000095d00000|100%| O|  |TAMS 0x0000000095d00000, 0x0000000095c00000| Updating 
| 349|0x0000000095d00000, 0x0000000095e00000, 0x0000000095e00000|100%| O|  |TAMS 0x0000000095e00000, 0x0000000095d00000| Updating 
| 350|0x0000000095e00000, 0x0000000095f00000, 0x0000000095f00000|100%| O|  |TAMS 0x0000000095f00000, 0x0000000095e00000| Updating 
| 351|0x0000000095f00000, 0x0000000096000000, 0x0000000096000000|100%| O|  |TAMS 0x0000000096000000, 0x0000000095f00000| Updating 
| 352|0x0000000096000000, 0x0000000096100000, 0x0000000096100000|100%| O|  |TAMS 0x0000000096100000, 0x0000000096000000| Updating 
| 353|0x0000000096100000, 0x0000000096200000, 0x0000000096200000|100%| O|  |TAMS 0x0000000096200000, 0x0000000096100000| Updating 
| 354|0x0000000096200000, 0x0000000096300000, 0x0000000096300000|100%| O|  |TAMS 0x0000000096300000, 0x0000000096200000| Updating 
| 355|0x0000000096300000, 0x0000000096400000, 0x0000000096400000|100%| O|  |TAMS 0x0000000096400000, 0x0000000096300000| Updating 
| 356|0x0000000096400000, 0x0000000096500000, 0x0000000096500000|100%| O|  |TAMS 0x0000000096500000, 0x0000000096400000| Updating 
| 357|0x0000000096500000, 0x0000000096600000, 0x0000000096600000|100%| O|  |TAMS 0x0000000096600000, 0x0000000096500000| Untracked 
| 358|0x0000000096600000, 0x0000000096700000, 0x0000000096700000|100%| O|  |TAMS 0x0000000096700000, 0x0000000096600000| Untracked 
| 359|0x0000000096700000, 0x0000000096800000, 0x0000000096800000|100%| O|  |TAMS 0x0000000096800000, 0x0000000096700000| Updating 
| 360|0x0000000096800000, 0x0000000096900000, 0x0000000096900000|100%| O|  |TAMS 0x0000000096900000, 0x0000000096800000| Updating 
| 361|0x0000000096900000, 0x0000000096a00000, 0x0000000096a00000|100%| O|  |TAMS 0x0000000096a00000, 0x0000000096900000| Updating 
| 362|0x0000000096a00000, 0x0000000096b00000, 0x0000000096b00000|100%| O|  |TAMS 0x0000000096b00000, 0x0000000096a00000| Updating 
| 363|0x0000000096b00000, 0x0000000096c00000, 0x0000000096c00000|100%| O|  |TAMS 0x0000000096c00000, 0x0000000096b00000| Updating 
| 364|0x0000000096c00000, 0x0000000096d00000, 0x0000000096d00000|100%| O|  |TAMS 0x0000000096d00000, 0x0000000096c00000| Updating 
| 365|0x0000000096d00000, 0x0000000096e00000, 0x0000000096e00000|100%| O|  |TAMS 0x0000000096e00000, 0x0000000096d00000| Untracked 
| 366|0x0000000096e00000, 0x0000000096f00000, 0x0000000096f00000|100%| O|  |TAMS 0x0000000096f00000, 0x0000000096e00000| Untracked 
| 367|0x0000000096f00000, 0x0000000097000000, 0x0000000097000000|100%| O|  |TAMS 0x0000000097000000, 0x0000000096f00000| Untracked 
| 368|0x0000000097000000, 0x0000000097100000, 0x0000000097100000|100%| O|  |TAMS 0x0000000097100000, 0x0000000097000000| Untracked 
| 369|0x0000000097100000, 0x0000000097200000, 0x0000000097200000|100%| O|  |TAMS 0x0000000097200000, 0x0000000097100000| Untracked 
| 370|0x0000000097200000, 0x0000000097300000, 0x0000000097300000|100%| O|  |TAMS 0x0000000097300000, 0x0000000097200000| Untracked 
| 371|0x0000000097300000, 0x0000000097400000, 0x0000000097400000|100%| O|  |TAMS 0x0000000097400000, 0x0000000097300000| Untracked 
| 372|0x0000000097400000, 0x0000000097500000, 0x0000000097500000|100%| O|  |TAMS 0x0000000097500000, 0x0000000097400000| Untracked 
| 373|0x0000000097500000, 0x0000000097600000, 0x0000000097600000|100%| O|  |TAMS 0x0000000097600000, 0x0000000097500000| Untracked 
| 374|0x0000000097600000, 0x0000000097700000, 0x0000000097700000|100%| O|  |TAMS 0x0000000097700000, 0x0000000097600000| Untracked 
| 375|0x0000000097700000, 0x0000000097800000, 0x0000000097800000|100%| O|  |TAMS 0x0000000097800000, 0x0000000097700000| Untracked 
| 376|0x0000000097800000, 0x0000000097900000, 0x0000000097900000|100%| O|  |TAMS 0x0000000097900000, 0x0000000097800000| Untracked 
| 377|0x0000000097900000, 0x0000000097a00000, 0x0000000097a00000|100%| O|  |TAMS 0x0000000097a00000, 0x0000000097900000| Updating 
| 378|0x0000000097a00000, 0x0000000097b00000, 0x0000000097b00000|100%| O|  |TAMS 0x0000000097b00000, 0x0000000097a00000| Updating 
| 379|0x0000000097b00000, 0x0000000097c00000, 0x0000000097c00000|100%| O|  |TAMS 0x0000000097c00000, 0x0000000097b00000| Untracked 
| 380|0x0000000097c00000, 0x0000000097d00000, 0x0000000097d00000|100%| O|  |TAMS 0x0000000097d00000, 0x0000000097c00000| Untracked 
| 381|0x0000000097d00000, 0x0000000097e00000, 0x0000000097e00000|100%| O|  |TAMS 0x0000000097e00000, 0x0000000097d00000| Untracked 
| 382|0x0000000097e00000, 0x0000000097f00000, 0x0000000097f00000|100%| O|  |TAMS 0x0000000097f00000, 0x0000000097e00000| Untracked 
| 383|0x0000000097f00000, 0x0000000098000000, 0x0000000098000000|100%| O|  |TAMS 0x0000000098000000, 0x0000000097f00000| Updating 
| 384|0x0000000098000000, 0x0000000098100000, 0x0000000098100000|100%| O|  |TAMS 0x0000000098100000, 0x0000000098000000| Updating 
| 385|0x0000000098100000, 0x0000000098200000, 0x0000000098200000|100%| O|  |TAMS 0x0000000098200000, 0x0000000098100000| Updating 
| 386|0x0000000098200000, 0x0000000098300000, 0x0000000098300000|100%| O|  |TAMS 0x0000000098300000, 0x0000000098200000| Updating 
| 387|0x0000000098300000, 0x0000000098400000, 0x0000000098400000|100%| O|  |TAMS 0x0000000098400000, 0x0000000098300000| Updating 
| 388|0x0000000098400000, 0x0000000098500000, 0x0000000098500000|100%| O|  |TAMS 0x0000000098500000, 0x0000000098400000| Updating 
| 389|0x0000000098500000, 0x0000000098600000, 0x0000000098600000|100%| O|  |TAMS 0x0000000098600000, 0x0000000098500000| Untracked 
| 390|0x0000000098600000, 0x0000000098700000, 0x0000000098700000|100%| O|  |TAMS 0x0000000098700000, 0x0000000098600000| Untracked 
| 391|0x0000000098700000, 0x0000000098800000, 0x0000000098800000|100%| O|  |TAMS 0x0000000098800000, 0x0000000098700000| Updating 
| 392|0x0000000098800000, 0x0000000098900000, 0x0000000098900000|100%| O|  |TAMS 0x0000000098900000, 0x0000000098800000| Updating 
| 393|0x0000000098900000, 0x0000000098a00000, 0x0000000098a00000|100%| O|  |TAMS 0x0000000098a00000, 0x0000000098900000| Updating 
| 394|0x0000000098a00000, 0x0000000098b00000, 0x0000000098b00000|100%| O|  |TAMS 0x0000000098b00000, 0x0000000098a00000| Updating 
| 395|0x0000000098b00000, 0x0000000098c00000, 0x0000000098c00000|100%| O|  |TAMS 0x0000000098c00000, 0x0000000098b00000| Updating 
| 396|0x0000000098c00000, 0x0000000098d00000, 0x0000000098d00000|100%| O|  |TAMS 0x0000000098d00000, 0x0000000098c00000| Updating 
| 397|0x0000000098d00000, 0x0000000098e00000, 0x0000000098e00000|100%| O|  |TAMS 0x0000000098e00000, 0x0000000098d00000| Updating 
| 398|0x0000000098e00000, 0x0000000098f00000, 0x0000000098f00000|100%| O|  |TAMS 0x0000000098f00000, 0x0000000098e00000| Updating 
| 399|0x0000000098f00000, 0x0000000099000000, 0x0000000099000000|100%| O|  |TAMS 0x0000000099000000, 0x0000000098f00000| Updating 
| 400|0x0000000099000000, 0x0000000099100000, 0x0000000099100000|100%| O|  |TAMS 0x0000000099100000, 0x0000000099000000| Updating 
| 401|0x0000000099100000, 0x0000000099200000, 0x0000000099200000|100%| O|  |TAMS 0x0000000099200000, 0x0000000099100000| Updating 
| 402|0x0000000099200000, 0x0000000099300000, 0x0000000099300000|100%| O|  |TAMS 0x0000000099300000, 0x0000000099200000| Updating 
| 403|0x0000000099300000, 0x0000000099400000, 0x0000000099400000|100%| O|  |TAMS 0x0000000099400000, 0x0000000099300000| Updating 
| 404|0x0000000099400000, 0x0000000099500000, 0x0000000099500000|100%| O|  |TAMS 0x0000000099500000, 0x0000000099400000| Updating 
| 405|0x0000000099500000, 0x0000000099600000, 0x0000000099600000|100%| O|  |TAMS 0x0000000099600000, 0x0000000099500000| Updating 
| 406|0x0000000099600000, 0x0000000099700000, 0x0000000099700000|100%| O|  |TAMS 0x0000000099700000, 0x0000000099600000| Updating 
| 407|0x0000000099700000, 0x0000000099800000, 0x0000000099800000|100%| O|  |TAMS 0x0000000099800000, 0x0000000099700000| Updating 
| 408|0x0000000099800000, 0x0000000099900000, 0x0000000099900000|100%| O|  |TAMS 0x0000000099900000, 0x0000000099800000| Updating 
| 409|0x0000000099900000, 0x0000000099a00000, 0x0000000099a00000|100%| O|  |TAMS 0x0000000099a00000, 0x0000000099900000| Updating 
| 410|0x0000000099a00000, 0x0000000099b00000, 0x0000000099b00000|100%| O|  |TAMS 0x0000000099b00000, 0x0000000099a00000| Untracked 
| 411|0x0000000099b00000, 0x0000000099c00000, 0x0000000099c00000|100%| O|  |TAMS 0x0000000099c00000, 0x0000000099b00000| Untracked 
| 412|0x0000000099c00000, 0x0000000099d00000, 0x0000000099d00000|100%| O|  |TAMS 0x0000000099d00000, 0x0000000099c00000| Untracked 
| 413|0x0000000099d00000, 0x0000000099e00000, 0x0000000099e00000|100%| O|  |TAMS 0x0000000099e00000, 0x0000000099d00000| Updating 
| 414|0x0000000099e00000, 0x0000000099f00000, 0x0000000099f00000|100%| O|  |TAMS 0x0000000099f00000, 0x0000000099e00000| Updating 
| 415|0x0000000099f00000, 0x000000009a000000, 0x000000009a000000|100%| O|  |TAMS 0x000000009a000000, 0x0000000099f00000| Untracked 
| 416|0x000000009a000000, 0x000000009a100000, 0x000000009a100000|100%| O|  |TAMS 0x000000009a100000, 0x000000009a000000| Untracked 
| 417|0x000000009a100000, 0x000000009a200000, 0x000000009a200000|100%| O|  |TAMS 0x000000009a200000, 0x000000009a100000| Untracked 
| 418|0x000000009a200000, 0x000000009a300000, 0x000000009a300000|100%| O|  |TAMS 0x000000009a300000, 0x000000009a200000| Untracked 
| 419|0x000000009a300000, 0x000000009a400000, 0x000000009a400000|100%| O|  |TAMS 0x000000009a400000, 0x000000009a300000| Untracked 
| 420|0x000000009a400000, 0x000000009a500000, 0x000000009a500000|100%| O|  |TAMS 0x000000009a500000, 0x000000009a400000| Untracked 
| 421|0x000000009a500000, 0x000000009a600000, 0x000000009a600000|100%| O|  |TAMS 0x000000009a600000, 0x000000009a500000| Untracked 
| 422|0x000000009a600000, 0x000000009a700000, 0x000000009a700000|100%| O|  |TAMS 0x000000009a700000, 0x000000009a600000| Updating 
| 423|0x000000009a700000, 0x000000009a800000, 0x000000009a800000|100%| O|  |TAMS 0x000000009a742800, 0x000000009a700000| Untracked 
| 424|0x000000009a800000, 0x000000009a900000, 0x000000009a900000|100%| O|  |TAMS 0x000000009a800000, 0x000000009a800000| Untracked 
| 425|0x000000009a900000, 0x000000009aa00000, 0x000000009aa00000|100%| O|  |TAMS 0x000000009a900000, 0x000000009a900000| Untracked 
| 426|0x000000009aa00000, 0x000000009ab00000, 0x000000009ab00000|100%| O|  |TAMS 0x000000009aa00000, 0x000000009aa00000| Untracked 
| 427|0x000000009ab00000, 0x000000009ac00000, 0x000000009ac00000|100%| O|  |TAMS 0x000000009ab00000, 0x000000009ab00000| Untracked 
| 428|0x000000009ac00000, 0x000000009ad00000, 0x000000009ad00000|100%| O|  |TAMS 0x000000009ac00000, 0x000000009ac00000| Untracked 
| 429|0x000000009ad00000, 0x000000009ae00000, 0x000000009ae00000|100%| O|  |TAMS 0x000000009ad00000, 0x000000009ad00000| Untracked 
| 430|0x000000009ae00000, 0x000000009af00000, 0x000000009af00000|100%| O|  |TAMS 0x000000009af00000, 0x000000009ae00000| Updating 
| 431|0x000000009af00000, 0x000000009b000000, 0x000000009b000000|100%| O|  |TAMS 0x000000009af00000, 0x000000009af00000| Untracked 
| 432|0x000000009b000000, 0x000000009b100000, 0x000000009b100000|100%| O|  |TAMS 0x000000009b000000, 0x000000009b000000| Untracked 
| 433|0x000000009b100000, 0x000000009b200000, 0x000000009b200000|100%| O|  |TAMS 0x000000009b100000, 0x000000009b100000| Untracked 
| 434|0x000000009b200000, 0x000000009b300000, 0x000000009b300000|100%| O|  |TAMS 0x000000009b200000, 0x000000009b200000| Untracked 
| 435|0x000000009b300000, 0x000000009b400000, 0x000000009b400000|100%| O|  |TAMS 0x000000009b300000, 0x000000009b300000| Untracked 
| 436|0x000000009b400000, 0x000000009b500000, 0x000000009b500000|100%| O|  |TAMS 0x000000009b400000, 0x000000009b400000| Untracked 
| 437|0x000000009b500000, 0x000000009b600000, 0x000000009b600000|100%| O|  |TAMS 0x000000009b500000, 0x000000009b500000| Untracked 
| 438|0x000000009b600000, 0x000000009b700000, 0x000000009b700000|100%| O|  |TAMS 0x000000009b600000, 0x000000009b600000| Untracked 
| 439|0x000000009b700000, 0x000000009b800000, 0x000000009b800000|100%| O|  |TAMS 0x000000009b700000, 0x000000009b700000| Untracked 
| 440|0x000000009b800000, 0x000000009b900000, 0x000000009b900000|100%| O|  |TAMS 0x000000009b800000, 0x000000009b800000| Untracked 
| 441|0x000000009b900000, 0x000000009ba00000, 0x000000009ba00000|100%| O|  |TAMS 0x000000009b900000, 0x000000009b900000| Untracked 
| 442|0x000000009ba00000, 0x000000009bb00000, 0x000000009bb00000|100%| O|  |TAMS 0x000000009ba00000, 0x000000009ba00000| Untracked 
| 443|0x000000009bb00000, 0x000000009bc00000, 0x000000009bc00000|100%| O|  |TAMS 0x000000009bb00000, 0x000000009bb00000| Untracked 
| 444|0x000000009bc00000, 0x000000009bd00000, 0x000000009bd00000|100%| O|  |TAMS 0x000000009bc00000, 0x000000009bc00000| Untracked 
| 445|0x000000009bd00000, 0x000000009be00000, 0x000000009be00000|100%| O|  |TAMS 0x000000009bd00000, 0x000000009bd00000| Untracked 
| 446|0x000000009be00000, 0x000000009bf00000, 0x000000009bf00000|100%| O|  |TAMS 0x000000009be00000, 0x000000009be00000| Untracked 
| 447|0x000000009bf00000, 0x000000009c000000, 0x000000009c000000|100%| O|  |TAMS 0x000000009bf00000, 0x000000009bf00000| Untracked 
| 448|0x000000009c000000, 0x000000009c100000, 0x000000009c100000|100%| O|  |TAMS 0x000000009c000000, 0x000000009c000000| Untracked 
| 449|0x000000009c100000, 0x000000009c200000, 0x000000009c200000|100%| O|  |TAMS 0x000000009c100000, 0x000000009c100000| Untracked 
| 450|0x000000009c200000, 0x000000009c300000, 0x000000009c300000|100%| O|  |TAMS 0x000000009c200000, 0x000000009c200000| Untracked 
| 451|0x000000009c300000, 0x000000009c400000, 0x000000009c400000|100%| O|  |TAMS 0x000000009c300000, 0x000000009c300000| Untracked 
| 452|0x000000009c400000, 0x000000009c500000, 0x000000009c500000|100%| O|  |TAMS 0x000000009c400000, 0x000000009c400000| Untracked 
| 453|0x000000009c500000, 0x000000009c600000, 0x000000009c600000|100%| O|  |TAMS 0x000000009c500000, 0x000000009c500000| Untracked 
| 454|0x000000009c600000, 0x000000009c700000, 0x000000009c700000|100%| O|  |TAMS 0x000000009c600000, 0x000000009c600000| Untracked 
| 455|0x000000009c700000, 0x000000009c800000, 0x000000009c800000|100%| O|  |TAMS 0x000000009c700000, 0x000000009c700000| Untracked 
| 456|0x000000009c800000, 0x000000009c900000, 0x000000009c900000|100%| O|  |TAMS 0x000000009c800000, 0x000000009c800000| Untracked 
| 457|0x000000009c900000, 0x000000009c991800, 0x000000009ca00000| 56%| O|  |TAMS 0x000000009c900000, 0x000000009c900000| Updating 
| 458|0x000000009ca00000, 0x000000009ca00000, 0x000000009cb00000|  0%| F|  |TAMS 0x000000009ca00000, 0x000000009ca00000| Untracked 
| 459|0x000000009cb00000, 0x000000009cb00000, 0x000000009cc00000|  0%| F|  |TAMS 0x000000009cb00000, 0x000000009cb00000| Untracked 
| 460|0x000000009cc00000, 0x000000009cc00000, 0x000000009cd00000|  0%| F|  |TAMS 0x000000009cc00000, 0x000000009cc00000| Untracked 
| 461|0x000000009cd00000, 0x000000009cd00000, 0x000000009ce00000|  0%| F|  |TAMS 0x000000009cd00000, 0x000000009cd00000| Untracked 
| 462|0x000000009ce00000, 0x000000009ce00000, 0x000000009cf00000|  0%| F|  |TAMS 0x000000009ce00000, 0x000000009ce00000| Untracked 
| 463|0x000000009cf00000, 0x000000009cf00000, 0x000000009d000000|  0%| F|  |TAMS 0x000000009cf00000, 0x000000009cf00000| Untracked 
| 464|0x000000009d000000, 0x000000009d000000, 0x000000009d100000|  0%| F|  |TAMS 0x000000009d000000, 0x000000009d000000| Untracked 
| 465|0x000000009d100000, 0x000000009d100000, 0x000000009d200000|  0%| F|  |TAMS 0x000000009d100000, 0x000000009d100000| Untracked 
| 466|0x000000009d200000, 0x000000009d200000, 0x000000009d300000|  0%| F|  |TAMS 0x000000009d200000, 0x000000009d200000| Untracked 
| 467|0x000000009d300000, 0x000000009d400000, 0x000000009d400000|100%| O|  |TAMS 0x000000009d400000, 0x000000009d300000| Updating 
| 468|0x000000009d400000, 0x000000009d400000, 0x000000009d500000|  0%| F|  |TAMS 0x000000009d400000, 0x000000009d400000| Untracked 
| 469|0x000000009d500000, 0x000000009d500000, 0x000000009d600000|  0%| F|  |TAMS 0x000000009d500000, 0x000000009d500000| Untracked 
| 470|0x000000009d600000, 0x000000009d600000, 0x000000009d700000|  0%| F|  |TAMS 0x000000009d600000, 0x000000009d600000| Untracked 
| 471|0x000000009d700000, 0x000000009d700000, 0x000000009d800000|  0%| F|  |TAMS 0x000000009d700000, 0x000000009d700000| Untracked 
| 472|0x000000009d800000, 0x000000009d800000, 0x000000009d900000|  0%| F|  |TAMS 0x000000009d800000, 0x000000009d800000| Untracked 
| 473|0x000000009d900000, 0x000000009d900000, 0x000000009da00000|  0%| F|  |TAMS 0x000000009d900000, 0x000000009d900000| Untracked 
| 474|0x000000009da00000, 0x000000009da00000, 0x000000009db00000|  0%| F|  |TAMS 0x000000009da00000, 0x000000009da00000| Untracked 
| 475|0x000000009db00000, 0x000000009db00000, 0x000000009dc00000|  0%| F|  |TAMS 0x000000009db00000, 0x000000009db00000| Untracked 
| 476|0x000000009dc00000, 0x000000009dc00000, 0x000000009dd00000|  0%| F|  |TAMS 0x000000009dc00000, 0x000000009dc00000| Untracked 
| 477|0x000000009dd00000, 0x000000009dd00000, 0x000000009de00000|  0%| F|  |TAMS 0x000000009dd00000, 0x000000009dd00000| Untracked 
| 478|0x000000009de00000, 0x000000009de00000, 0x000000009df00000|  0%| F|  |TAMS 0x000000009de00000, 0x000000009de00000| Untracked 
| 479|0x000000009df00000, 0x000000009df00000, 0x000000009e000000|  0%| F|  |TAMS 0x000000009df00000, 0x000000009df00000| Untracked 
| 480|0x000000009e000000, 0x000000009e000000, 0x000000009e100000|  0%| F|  |TAMS 0x000000009e000000, 0x000000009e000000| Untracked 
| 481|0x000000009e100000, 0x000000009e100000, 0x000000009e200000|  0%| F|  |TAMS 0x000000009e100000, 0x000000009e100000| Untracked 
| 482|0x000000009e200000, 0x000000009e200000, 0x000000009e300000|  0%| F|  |TAMS 0x000000009e200000, 0x000000009e200000| Untracked 
| 483|0x000000009e300000, 0x000000009e300000, 0x000000009e400000|  0%| F|  |TAMS 0x000000009e300000, 0x000000009e300000| Untracked 
| 484|0x000000009e400000, 0x000000009e400000, 0x000000009e500000|  0%| F|  |TAMS 0x000000009e400000, 0x000000009e400000| Untracked 
| 485|0x000000009e500000, 0x000000009e500000, 0x000000009e600000|  0%| F|  |TAMS 0x000000009e500000, 0x000000009e500000| Untracked 
| 486|0x000000009e600000, 0x000000009e700000, 0x000000009e700000|100%| O|  |TAMS 0x000000009e700000, 0x000000009e600000| Updating 
| 487|0x000000009e700000, 0x000000009e700000, 0x000000009e800000|  0%| F|  |TAMS 0x000000009e700000, 0x000000009e700000| Untracked 
| 488|0x000000009e800000, 0x000000009e900000, 0x000000009e900000|100%| O|  |TAMS 0x000000009e900000, 0x000000009e800000| Updating 
| 489|0x000000009e900000, 0x000000009e900000, 0x000000009ea00000|  0%| F|  |TAMS 0x000000009e900000, 0x000000009e900000| Untracked 
| 490|0x000000009ea00000, 0x000000009ea00000, 0x000000009eb00000|  0%| F|  |TAMS 0x000000009ea00000, 0x000000009ea00000| Untracked 
| 491|0x000000009eb00000, 0x000000009eb00000, 0x000000009ec00000|  0%| F|  |TAMS 0x000000009eb00000, 0x000000009eb00000| Untracked 
| 492|0x000000009ec00000, 0x000000009ec00000, 0x000000009ed00000|  0%| F|  |TAMS 0x000000009ec00000, 0x000000009ec00000| Untracked 
| 493|0x000000009ed00000, 0x000000009ed00000, 0x000000009ee00000|  0%| F|  |TAMS 0x000000009ed00000, 0x000000009ed00000| Untracked 
| 494|0x000000009ee00000, 0x000000009ee00000, 0x000000009ef00000|  0%| F|  |TAMS 0x000000009ee00000, 0x000000009ee00000| Untracked 
| 495|0x000000009ef00000, 0x000000009ef00000, 0x000000009f000000|  0%| F|  |TAMS 0x000000009ef00000, 0x000000009ef00000| Untracked 
| 496|0x000000009f000000, 0x000000009f000000, 0x000000009f100000|  0%| F|  |TAMS 0x000000009f000000, 0x000000009f000000| Untracked 
| 497|0x000000009f100000, 0x000000009f100000, 0x000000009f200000|  0%| F|  |TAMS 0x000000009f100000, 0x000000009f100000| Untracked 
| 498|0x000000009f200000, 0x000000009f200000, 0x000000009f300000|  0%| F|  |TAMS 0x000000009f200000, 0x000000009f200000| Untracked 
| 499|0x000000009f300000, 0x000000009f300000, 0x000000009f400000|  0%| F|  |TAMS 0x000000009f300000, 0x000000009f300000| Untracked 
| 500|0x000000009f400000, 0x000000009f400000, 0x000000009f500000|  0%| F|  |TAMS 0x000000009f400000, 0x000000009f400000| Untracked 
| 501|0x000000009f500000, 0x000000009f500000, 0x000000009f600000|  0%| F|  |TAMS 0x000000009f500000, 0x000000009f500000| Untracked 
| 502|0x000000009f600000, 0x000000009f600000, 0x000000009f700000|  0%| F|  |TAMS 0x000000009f600000, 0x000000009f600000| Untracked 
| 503|0x000000009f700000, 0x000000009f700000, 0x000000009f800000|  0%| F|  |TAMS 0x000000009f700000, 0x000000009f700000| Untracked 
| 504|0x000000009f800000, 0x000000009f800000, 0x000000009f900000|  0%| F|  |TAMS 0x000000009f800000, 0x000000009f800000| Untracked 
| 505|0x000000009f900000, 0x000000009f900000, 0x000000009fa00000|  0%| F|  |TAMS 0x000000009f900000, 0x000000009f900000| Untracked 
| 506|0x000000009fa00000, 0x000000009fa00000, 0x000000009fb00000|  0%| F|  |TAMS 0x000000009fa00000, 0x000000009fa00000| Untracked 
| 507|0x000000009fb00000, 0x000000009fb00000, 0x000000009fc00000|  0%| F|  |TAMS 0x000000009fb00000, 0x000000009fb00000| Untracked 
| 508|0x000000009fc00000, 0x000000009fc00000, 0x000000009fd00000|  0%| F|  |TAMS 0x000000009fc00000, 0x000000009fc00000| Untracked 
| 509|0x000000009fd00000, 0x000000009fd00000, 0x000000009fe00000|  0%| F|  |TAMS 0x000000009fd00000, 0x000000009fd00000| Untracked 
| 510|0x000000009fe00000, 0x000000009fe00000, 0x000000009ff00000|  0%| F|  |TAMS 0x000000009fe00000, 0x000000009fe00000| Untracked 
| 511|0x000000009ff00000, 0x000000009ff00000, 0x00000000a0000000|  0%| F|  |TAMS 0x000000009ff00000, 0x000000009ff00000| Untracked 
| 512|0x00000000a0000000, 0x00000000a0000000, 0x00000000a0100000|  0%| F|  |TAMS 0x00000000a0000000, 0x00000000a0000000| Untracked 
| 513|0x00000000a0100000, 0x00000000a0100000, 0x00000000a0200000|  0%| F|  |TAMS 0x00000000a0100000, 0x00000000a0100000| Untracked 
| 514|0x00000000a0200000, 0x00000000a0200000, 0x00000000a0300000|  0%| F|  |TAMS 0x00000000a0200000, 0x00000000a0200000| Untracked 
| 515|0x00000000a0300000, 0x00000000a0300000, 0x00000000a0400000|  0%| F|  |TAMS 0x00000000a0300000, 0x00000000a0300000| Untracked 
| 516|0x00000000a0400000, 0x00000000a0400000, 0x00000000a0500000|  0%| F|  |TAMS 0x00000000a0400000, 0x00000000a0400000| Untracked 
| 517|0x00000000a0500000, 0x00000000a0500000, 0x00000000a0600000|  0%| F|  |TAMS 0x00000000a0500000, 0x00000000a0500000| Untracked 
| 518|0x00000000a0600000, 0x00000000a0600000, 0x00000000a0700000|  0%| F|  |TAMS 0x00000000a0600000, 0x00000000a0600000| Untracked 
| 519|0x00000000a0700000, 0x00000000a0700000, 0x00000000a0800000|  0%| F|  |TAMS 0x00000000a0700000, 0x00000000a0700000| Untracked 
| 520|0x00000000a0800000, 0x00000000a0800000, 0x00000000a0900000|  0%| F|  |TAMS 0x00000000a0800000, 0x00000000a0800000| Untracked 
| 521|0x00000000a0900000, 0x00000000a0900000, 0x00000000a0a00000|  0%| F|  |TAMS 0x00000000a0900000, 0x00000000a0900000| Untracked 
| 522|0x00000000a0a00000, 0x00000000a0a00000, 0x00000000a0b00000|  0%| F|  |TAMS 0x00000000a0a00000, 0x00000000a0a00000| Untracked 
| 523|0x00000000a0b00000, 0x00000000a0b00000, 0x00000000a0c00000|  0%| F|  |TAMS 0x00000000a0b00000, 0x00000000a0b00000| Untracked 
| 524|0x00000000a0c00000, 0x00000000a0c00000, 0x00000000a0d00000|  0%| F|  |TAMS 0x00000000a0c00000, 0x00000000a0c00000| Untracked 
| 525|0x00000000a0d00000, 0x00000000a0d00000, 0x00000000a0e00000|  0%| F|  |TAMS 0x00000000a0d00000, 0x00000000a0d00000| Untracked 
| 526|0x00000000a0e00000, 0x00000000a0e00000, 0x00000000a0f00000|  0%| F|  |TAMS 0x00000000a0e00000, 0x00000000a0e00000| Untracked 
| 527|0x00000000a0f00000, 0x00000000a0f00000, 0x00000000a1000000|  0%| F|  |TAMS 0x00000000a0f00000, 0x00000000a0f00000| Untracked 
| 528|0x00000000a1000000, 0x00000000a1000000, 0x00000000a1100000|  0%| F|  |TAMS 0x00000000a1000000, 0x00000000a1000000| Untracked 
| 529|0x00000000a1100000, 0x00000000a1100000, 0x00000000a1200000|  0%| F|  |TAMS 0x00000000a1100000, 0x00000000a1100000| Untracked 
| 530|0x00000000a1200000, 0x00000000a1200000, 0x00000000a1300000|  0%| F|  |TAMS 0x00000000a1200000, 0x00000000a1200000| Untracked 
| 531|0x00000000a1300000, 0x00000000a1300000, 0x00000000a1400000|  0%| F|  |TAMS 0x00000000a1300000, 0x00000000a1300000| Untracked 
| 532|0x00000000a1400000, 0x00000000a1400000, 0x00000000a1500000|  0%| F|  |TAMS 0x00000000a1400000, 0x00000000a1400000| Untracked 
| 533|0x00000000a1500000, 0x00000000a1500000, 0x00000000a1600000|  0%| F|  |TAMS 0x00000000a1500000, 0x00000000a1500000| Untracked 
| 534|0x00000000a1600000, 0x00000000a1600000, 0x00000000a1700000|  0%| F|  |TAMS 0x00000000a1600000, 0x00000000a1600000| Untracked 
| 535|0x00000000a1700000, 0x00000000a1700000, 0x00000000a1800000|  0%| F|  |TAMS 0x00000000a1700000, 0x00000000a1700000| Untracked 
| 536|0x00000000a1800000, 0x00000000a1800000, 0x00000000a1900000|  0%| F|  |TAMS 0x00000000a1800000, 0x00000000a1800000| Untracked 
| 537|0x00000000a1900000, 0x00000000a1900000, 0x00000000a1a00000|  0%| F|  |TAMS 0x00000000a1900000, 0x00000000a1900000| Untracked 
| 538|0x00000000a1a00000, 0x00000000a1a00000, 0x00000000a1b00000|  0%| F|  |TAMS 0x00000000a1a00000, 0x00000000a1a00000| Untracked 
| 539|0x00000000a1b00000, 0x00000000a1b00000, 0x00000000a1c00000|  0%| F|  |TAMS 0x00000000a1b00000, 0x00000000a1b00000| Untracked 
| 540|0x00000000a1c00000, 0x00000000a1c00000, 0x00000000a1d00000|  0%| F|  |TAMS 0x00000000a1c00000, 0x00000000a1c00000| Untracked 
| 541|0x00000000a1d00000, 0x00000000a1d00000, 0x00000000a1e00000|  0%| F|  |TAMS 0x00000000a1d00000, 0x00000000a1d00000| Untracked 
| 542|0x00000000a1e00000, 0x00000000a1e00000, 0x00000000a1f00000|  0%| F|  |TAMS 0x00000000a1e00000, 0x00000000a1e00000| Untracked 
| 543|0x00000000a1f00000, 0x00000000a1f00000, 0x00000000a2000000|  0%| F|  |TAMS 0x00000000a1f00000, 0x00000000a1f00000| Untracked 
| 544|0x00000000a2000000, 0x00000000a2000000, 0x00000000a2100000|  0%| F|  |TAMS 0x00000000a2000000, 0x00000000a2000000| Untracked 
| 545|0x00000000a2100000, 0x00000000a2100000, 0x00000000a2200000|  0%| F|  |TAMS 0x00000000a2100000, 0x00000000a2100000| Untracked 
| 546|0x00000000a2200000, 0x00000000a2200000, 0x00000000a2300000|  0%| F|  |TAMS 0x00000000a2200000, 0x00000000a2200000| Untracked 
| 547|0x00000000a2300000, 0x00000000a2300000, 0x00000000a2400000|  0%| F|  |TAMS 0x00000000a2300000, 0x00000000a2300000| Untracked 
| 548|0x00000000a2400000, 0x00000000a2400000, 0x00000000a2500000|  0%| F|  |TAMS 0x00000000a2400000, 0x00000000a2400000| Untracked 
| 549|0x00000000a2500000, 0x00000000a2500000, 0x00000000a2600000|  0%| F|  |TAMS 0x00000000a2500000, 0x00000000a2500000| Untracked 
| 550|0x00000000a2600000, 0x00000000a2600000, 0x00000000a2700000|  0%| F|  |TAMS 0x00000000a2600000, 0x00000000a2600000| Untracked 
| 551|0x00000000a2700000, 0x00000000a2700000, 0x00000000a2800000|  0%| F|  |TAMS 0x00000000a2700000, 0x00000000a2700000| Untracked 
| 552|0x00000000a2800000, 0x00000000a2800000, 0x00000000a2900000|  0%| F|  |TAMS 0x00000000a2800000, 0x00000000a2800000| Untracked 
| 553|0x00000000a2900000, 0x00000000a2900000, 0x00000000a2a00000|  0%| F|  |TAMS 0x00000000a2900000, 0x00000000a2900000| Untracked 
| 554|0x00000000a2a00000, 0x00000000a2a00000, 0x00000000a2b00000|  0%| F|  |TAMS 0x00000000a2a00000, 0x00000000a2a00000| Untracked 
| 555|0x00000000a2b00000, 0x00000000a2b00000, 0x00000000a2c00000|  0%| F|  |TAMS 0x00000000a2b00000, 0x00000000a2b00000| Untracked 
| 556|0x00000000a2c00000, 0x00000000a2c00000, 0x00000000a2d00000|  0%| F|  |TAMS 0x00000000a2c00000, 0x00000000a2c00000| Untracked 
| 557|0x00000000a2d00000, 0x00000000a2d00000, 0x00000000a2e00000|  0%| F|  |TAMS 0x00000000a2d00000, 0x00000000a2d00000| Untracked 
| 558|0x00000000a2e00000, 0x00000000a2e00000, 0x00000000a2f00000|  0%| F|  |TAMS 0x00000000a2e00000, 0x00000000a2e00000| Untracked 
| 559|0x00000000a2f00000, 0x00000000a2f00000, 0x00000000a3000000|  0%| F|  |TAMS 0x00000000a2f00000, 0x00000000a2f00000| Untracked 
| 560|0x00000000a3000000, 0x00000000a3000000, 0x00000000a3100000|  0%| F|  |TAMS 0x00000000a3000000, 0x00000000a3000000| Untracked 
| 561|0x00000000a3100000, 0x00000000a3100000, 0x00000000a3200000|  0%| F|  |TAMS 0x00000000a3100000, 0x00000000a3100000| Untracked 
| 562|0x00000000a3200000, 0x00000000a3200000, 0x00000000a3300000|  0%| F|  |TAMS 0x00000000a3200000, 0x00000000a3200000| Untracked 
| 563|0x00000000a3300000, 0x00000000a3300000, 0x00000000a3400000|  0%| F|  |TAMS 0x00000000a3300000, 0x00000000a3300000| Untracked 
| 564|0x00000000a3400000, 0x00000000a3400000, 0x00000000a3500000|  0%| F|  |TAMS 0x00000000a3400000, 0x00000000a3400000| Untracked 
| 565|0x00000000a3500000, 0x00000000a3500000, 0x00000000a3600000|  0%| F|  |TAMS 0x00000000a3500000, 0x00000000a3500000| Untracked 
| 566|0x00000000a3600000, 0x00000000a3600000, 0x00000000a3700000|  0%| F|  |TAMS 0x00000000a3600000, 0x00000000a3600000| Untracked 
| 567|0x00000000a3700000, 0x00000000a3700000, 0x00000000a3800000|  0%| F|  |TAMS 0x00000000a3700000, 0x00000000a3700000| Untracked 
| 568|0x00000000a3800000, 0x00000000a3800000, 0x00000000a3900000|  0%| F|  |TAMS 0x00000000a3800000, 0x00000000a3800000| Untracked 
| 569|0x00000000a3900000, 0x00000000a3900000, 0x00000000a3a00000|  0%| F|  |TAMS 0x00000000a3900000, 0x00000000a3900000| Untracked 
| 570|0x00000000a3a00000, 0x00000000a3a00000, 0x00000000a3b00000|  0%| F|  |TAMS 0x00000000a3a00000, 0x00000000a3a00000| Untracked 
| 571|0x00000000a3b00000, 0x00000000a3b00000, 0x00000000a3c00000|  0%| F|  |TAMS 0x00000000a3b00000, 0x00000000a3b00000| Untracked 
| 572|0x00000000a3c00000, 0x00000000a3c00000, 0x00000000a3d00000|  0%| F|  |TAMS 0x00000000a3c00000, 0x00000000a3c00000| Untracked 
| 573|0x00000000a3d00000, 0x00000000a3d00000, 0x00000000a3e00000|  0%| F|  |TAMS 0x00000000a3d00000, 0x00000000a3d00000| Untracked 
| 574|0x00000000a3e00000, 0x00000000a3e00000, 0x00000000a3f00000|  0%| F|  |TAMS 0x00000000a3e00000, 0x00000000a3e00000| Untracked 
| 575|0x00000000a3f00000, 0x00000000a3f00000, 0x00000000a4000000|  0%| F|  |TAMS 0x00000000a3f00000, 0x00000000a3f00000| Untracked 
| 576|0x00000000a4000000, 0x00000000a4000000, 0x00000000a4100000|  0%| F|  |TAMS 0x00000000a4000000, 0x00000000a4000000| Untracked 
| 577|0x00000000a4100000, 0x00000000a4100000, 0x00000000a4200000|  0%| F|  |TAMS 0x00000000a4100000, 0x00000000a4100000| Untracked 
| 578|0x00000000a4200000, 0x00000000a4200000, 0x00000000a4300000|  0%| F|  |TAMS 0x00000000a4200000, 0x00000000a4200000| Untracked 
| 579|0x00000000a4300000, 0x00000000a4300000, 0x00000000a4400000|  0%| F|  |TAMS 0x00000000a4300000, 0x00000000a4300000| Untracked 
| 580|0x00000000a4400000, 0x00000000a4400000, 0x00000000a4500000|  0%| F|  |TAMS 0x00000000a4400000, 0x00000000a4400000| Untracked 
| 581|0x00000000a4500000, 0x00000000a4500000, 0x00000000a4600000|  0%| F|  |TAMS 0x00000000a4500000, 0x00000000a4500000| Untracked 
| 582|0x00000000a4600000, 0x00000000a4600000, 0x00000000a4700000|  0%| F|  |TAMS 0x00000000a4600000, 0x00000000a4600000| Untracked 
| 583|0x00000000a4700000, 0x00000000a4700000, 0x00000000a4800000|  0%| F|  |TAMS 0x00000000a4700000, 0x00000000a4700000| Untracked 
| 584|0x00000000a4800000, 0x00000000a4800000, 0x00000000a4900000|  0%| F|  |TAMS 0x00000000a4800000, 0x00000000a4800000| Untracked 
| 585|0x00000000a4900000, 0x00000000a4900000, 0x00000000a4a00000|  0%| F|  |TAMS 0x00000000a4900000, 0x00000000a4900000| Untracked 
| 586|0x00000000a4a00000, 0x00000000a4a00000, 0x00000000a4b00000|  0%| F|  |TAMS 0x00000000a4a00000, 0x00000000a4a00000| Untracked 
| 587|0x00000000a4b00000, 0x00000000a4b00000, 0x00000000a4c00000|  0%| F|  |TAMS 0x00000000a4b00000, 0x00000000a4b00000| Untracked 
| 588|0x00000000a4c00000, 0x00000000a4c00000, 0x00000000a4d00000|  0%| F|  |TAMS 0x00000000a4c00000, 0x00000000a4c00000| Untracked 
| 589|0x00000000a4d00000, 0x00000000a4d00000, 0x00000000a4e00000|  0%| F|  |TAMS 0x00000000a4d00000, 0x00000000a4d00000| Untracked 
| 590|0x00000000a4e00000, 0x00000000a4e00000, 0x00000000a4f00000|  0%| F|  |TAMS 0x00000000a4e00000, 0x00000000a4e00000| Untracked 
| 591|0x00000000a4f00000, 0x00000000a4f00000, 0x00000000a5000000|  0%| F|  |TAMS 0x00000000a4f00000, 0x00000000a4f00000| Untracked 
| 592|0x00000000a5000000, 0x00000000a5000000, 0x00000000a5100000|  0%| F|  |TAMS 0x00000000a5000000, 0x00000000a5000000| Untracked 
| 593|0x00000000a5100000, 0x00000000a5100000, 0x00000000a5200000|  0%| F|  |TAMS 0x00000000a5100000, 0x00000000a5100000| Untracked 
| 594|0x00000000a5200000, 0x00000000a5200000, 0x00000000a5300000|  0%| F|  |TAMS 0x00000000a5200000, 0x00000000a5200000| Untracked 
| 595|0x00000000a5300000, 0x00000000a5300000, 0x00000000a5400000|  0%| F|  |TAMS 0x00000000a5300000, 0x00000000a5300000| Untracked 
| 596|0x00000000a5400000, 0x00000000a5400000, 0x00000000a5500000|  0%| F|  |TAMS 0x00000000a5400000, 0x00000000a5400000| Untracked 
| 597|0x00000000a5500000, 0x00000000a5500000, 0x00000000a5600000|  0%| F|  |TAMS 0x00000000a5500000, 0x00000000a5500000| Untracked 
| 598|0x00000000a5600000, 0x00000000a5600000, 0x00000000a5700000|  0%| F|  |TAMS 0x00000000a5600000, 0x00000000a5600000| Untracked 
| 599|0x00000000a5700000, 0x00000000a5700000, 0x00000000a5800000|  0%| F|  |TAMS 0x00000000a5700000, 0x00000000a5700000| Untracked 
| 600|0x00000000a5800000, 0x00000000a5800000, 0x00000000a5900000|  0%| F|  |TAMS 0x00000000a5800000, 0x00000000a5800000| Untracked 
| 601|0x00000000a5900000, 0x00000000a596fb38, 0x00000000a5a00000| 43%| S|CS|TAMS 0x00000000a5900000, 0x00000000a5900000| Complete 
| 602|0x00000000a5a00000, 0x00000000a5b00000, 0x00000000a5b00000|100%| S|CS|TAMS 0x00000000a5a00000, 0x00000000a5a00000| Complete 
| 603|0x00000000a5b00000, 0x00000000a5c00000, 0x00000000a5c00000|100%| S|CS|TAMS 0x00000000a5b00000, 0x00000000a5b00000| Complete 
| 604|0x00000000a5c00000, 0x00000000a5d00000, 0x00000000a5d00000|100%| S|CS|TAMS 0x00000000a5c00000, 0x00000000a5c00000| Complete 
| 605|0x00000000a5d00000, 0x00000000a5e00000, 0x00000000a5e00000|100%| S|CS|TAMS 0x00000000a5d00000, 0x00000000a5d00000| Complete 
| 606|0x00000000a5e00000, 0x00000000a5f00000, 0x00000000a5f00000|100%| S|CS|TAMS 0x00000000a5e00000, 0x00000000a5e00000| Complete 
| 607|0x00000000a5f00000, 0x00000000a6000000, 0x00000000a6000000|100%| S|CS|TAMS 0x00000000a5f00000, 0x00000000a5f00000| Complete 
| 608|0x00000000a6000000, 0x00000000a6100000, 0x00000000a6100000|100%| S|CS|TAMS 0x00000000a6000000, 0x00000000a6000000| Complete 
| 609|0x00000000a6100000, 0x00000000a6200000, 0x00000000a6200000|100%| S|CS|TAMS 0x00000000a6100000, 0x00000000a6100000| Complete 
| 610|0x00000000a6200000, 0x00000000a6300000, 0x00000000a6300000|100%| S|CS|TAMS 0x00000000a6200000, 0x00000000a6200000| Complete 
| 611|0x00000000a6300000, 0x00000000a6400000, 0x00000000a6400000|100%| S|CS|TAMS 0x00000000a6300000, 0x00000000a6300000| Complete 
| 612|0x00000000a6400000, 0x00000000a6500000, 0x00000000a6500000|100%| S|CS|TAMS 0x00000000a6400000, 0x00000000a6400000| Complete 
| 613|0x00000000a6500000, 0x00000000a6600000, 0x00000000a6600000|100%| S|CS|TAMS 0x00000000a6500000, 0x00000000a6500000| Complete 
| 614|0x00000000a6600000, 0x00000000a6700000, 0x00000000a6700000|100%| S|CS|TAMS 0x00000000a6600000, 0x00000000a6600000| Complete 
| 615|0x00000000a6700000, 0x00000000a6800000, 0x00000000a6800000|100%| S|CS|TAMS 0x00000000a6700000, 0x00000000a6700000| Complete 
| 616|0x00000000a6800000, 0x00000000a6900000, 0x00000000a6900000|100%| S|CS|TAMS 0x00000000a6800000, 0x00000000a6800000| Complete 
| 617|0x00000000a6900000, 0x00000000a6900000, 0x00000000a6a00000|  0%| F|  |TAMS 0x00000000a6900000, 0x00000000a6900000| Untracked 
| 618|0x00000000a6a00000, 0x00000000a6a00000, 0x00000000a6b00000|  0%| F|  |TAMS 0x00000000a6a00000, 0x00000000a6a00000| Untracked 
| 619|0x00000000a6b00000, 0x00000000a6b00000, 0x00000000a6c00000|  0%| F|  |TAMS 0x00000000a6b00000, 0x00000000a6b00000| Untracked 
| 620|0x00000000a6c00000, 0x00000000a6c00000, 0x00000000a6d00000|  0%| F|  |TAMS 0x00000000a6c00000, 0x00000000a6c00000| Untracked 
| 621|0x00000000a6d00000, 0x00000000a6d00000, 0x00000000a6e00000|  0%| F|  |TAMS 0x00000000a6d00000, 0x00000000a6d00000| Untracked 
| 622|0x00000000a6e00000, 0x00000000a6e00000, 0x00000000a6f00000|  0%| F|  |TAMS 0x00000000a6e00000, 0x00000000a6e00000| Untracked 
| 623|0x00000000a6f00000, 0x00000000a6f00000, 0x00000000a7000000|  0%| F|  |TAMS 0x00000000a6f00000, 0x00000000a6f00000| Untracked 
| 624|0x00000000a7000000, 0x00000000a7000000, 0x00000000a7100000|  0%| F|  |TAMS 0x00000000a7000000, 0x00000000a7000000| Untracked 
| 625|0x00000000a7100000, 0x00000000a7100000, 0x00000000a7200000|  0%| F|  |TAMS 0x00000000a7100000, 0x00000000a7100000| Untracked 
| 626|0x00000000a7200000, 0x00000000a7200000, 0x00000000a7300000|  0%| F|  |TAMS 0x00000000a7200000, 0x00000000a7200000| Untracked 
| 627|0x00000000a7300000, 0x00000000a7300000, 0x00000000a7400000|  0%| F|  |TAMS 0x00000000a7300000, 0x00000000a7300000| Untracked 
| 628|0x00000000a7400000, 0x00000000a7400000, 0x00000000a7500000|  0%| F|  |TAMS 0x00000000a7400000, 0x00000000a7400000| Untracked 
| 629|0x00000000a7500000, 0x00000000a7500000, 0x00000000a7600000|  0%| F|  |TAMS 0x00000000a7500000, 0x00000000a7500000| Untracked 
| 630|0x00000000a7600000, 0x00000000a7600000, 0x00000000a7700000|  0%| F|  |TAMS 0x00000000a7600000, 0x00000000a7600000| Untracked 
| 631|0x00000000a7700000, 0x00000000a7700000, 0x00000000a7800000|  0%| F|  |TAMS 0x00000000a7700000, 0x00000000a7700000| Untracked 
| 632|0x00000000a7800000, 0x00000000a7800000, 0x00000000a7900000|  0%| F|  |TAMS 0x00000000a7800000, 0x00000000a7800000| Untracked 
| 633|0x00000000a7900000, 0x00000000a7900000, 0x00000000a7a00000|  0%| F|  |TAMS 0x00000000a7900000, 0x00000000a7900000| Untracked 
| 634|0x00000000a7a00000, 0x00000000a7a00000, 0x00000000a7b00000|  0%| F|  |TAMS 0x00000000a7a00000, 0x00000000a7a00000| Untracked 
| 635|0x00000000a7b00000, 0x00000000a7b00000, 0x00000000a7c00000|  0%| F|  |TAMS 0x00000000a7b00000, 0x00000000a7b00000| Untracked 
| 636|0x00000000a7c00000, 0x00000000a7c00000, 0x00000000a7d00000|  0%| F|  |TAMS 0x00000000a7c00000, 0x00000000a7c00000| Untracked 
| 637|0x00000000a7d00000, 0x00000000a7d00000, 0x00000000a7e00000|  0%| F|  |TAMS 0x00000000a7d00000, 0x00000000a7d00000| Untracked 
| 638|0x00000000a7e00000, 0x00000000a7e00000, 0x00000000a7f00000|  0%| F|  |TAMS 0x00000000a7e00000, 0x00000000a7e00000| Untracked 
| 639|0x00000000a7f00000, 0x00000000a7f00000, 0x00000000a8000000|  0%| F|  |TAMS 0x00000000a7f00000, 0x00000000a7f00000| Untracked 
| 640|0x00000000a8000000, 0x00000000a8000000, 0x00000000a8100000|  0%| F|  |TAMS 0x00000000a8000000, 0x00000000a8000000| Untracked 
| 641|0x00000000a8100000, 0x00000000a8100000, 0x00000000a8200000|  0%| F|  |TAMS 0x00000000a8100000, 0x00000000a8100000| Untracked 
| 642|0x00000000a8200000, 0x00000000a8200000, 0x00000000a8300000|  0%| F|  |TAMS 0x00000000a8200000, 0x00000000a8200000| Untracked 
| 643|0x00000000a8300000, 0x00000000a8300000, 0x00000000a8400000|  0%| F|  |TAMS 0x00000000a8300000, 0x00000000a8300000| Untracked 
| 644|0x00000000a8400000, 0x00000000a8400000, 0x00000000a8500000|  0%| F|  |TAMS 0x00000000a8400000, 0x00000000a8400000| Untracked 
| 645|0x00000000a8500000, 0x00000000a8500000, 0x00000000a8600000|  0%| F|  |TAMS 0x00000000a8500000, 0x00000000a8500000| Untracked 
| 646|0x00000000a8600000, 0x00000000a8600000, 0x00000000a8700000|  0%| F|  |TAMS 0x00000000a8600000, 0x00000000a8600000| Untracked 
| 647|0x00000000a8700000, 0x00000000a8700000, 0x00000000a8800000|  0%| F|  |TAMS 0x00000000a8700000, 0x00000000a8700000| Untracked 
| 648|0x00000000a8800000, 0x00000000a8800000, 0x00000000a8900000|  0%| F|  |TAMS 0x00000000a8800000, 0x00000000a8800000| Untracked 
| 649|0x00000000a8900000, 0x00000000a8900000, 0x00000000a8a00000|  0%| F|  |TAMS 0x00000000a8900000, 0x00000000a8900000| Untracked 
| 650|0x00000000a8a00000, 0x00000000a8a00000, 0x00000000a8b00000|  0%| F|  |TAMS 0x00000000a8a00000, 0x00000000a8a00000| Untracked 
| 651|0x00000000a8b00000, 0x00000000a8b00000, 0x00000000a8c00000|  0%| F|  |TAMS 0x00000000a8b00000, 0x00000000a8b00000| Untracked 
| 652|0x00000000a8c00000, 0x00000000a8c00000, 0x00000000a8d00000|  0%| F|  |TAMS 0x00000000a8c00000, 0x00000000a8c00000| Untracked 
| 653|0x00000000a8d00000, 0x00000000a8d00000, 0x00000000a8e00000|  0%| F|  |TAMS 0x00000000a8d00000, 0x00000000a8d00000| Untracked 
| 654|0x00000000a8e00000, 0x00000000a8e00000, 0x00000000a8f00000|  0%| F|  |TAMS 0x00000000a8e00000, 0x00000000a8e00000| Untracked 
| 655|0x00000000a8f00000, 0x00000000a8f00000, 0x00000000a9000000|  0%| F|  |TAMS 0x00000000a8f00000, 0x00000000a8f00000| Untracked 
| 656|0x00000000a9000000, 0x00000000a9000000, 0x00000000a9100000|  0%| F|  |TAMS 0x00000000a9000000, 0x00000000a9000000| Untracked 
| 657|0x00000000a9100000, 0x00000000a9100000, 0x00000000a9200000|  0%| F|  |TAMS 0x00000000a9100000, 0x00000000a9100000| Untracked 
| 658|0x00000000a9200000, 0x00000000a9200000, 0x00000000a9300000|  0%| F|  |TAMS 0x00000000a9200000, 0x00000000a9200000| Untracked 
| 659|0x00000000a9300000, 0x00000000a9300000, 0x00000000a9400000|  0%| F|  |TAMS 0x00000000a9300000, 0x00000000a9300000| Untracked 
| 660|0x00000000a9400000, 0x00000000a9400000, 0x00000000a9500000|  0%| F|  |TAMS 0x00000000a9400000, 0x00000000a9400000| Untracked 
| 661|0x00000000a9500000, 0x00000000a9500000, 0x00000000a9600000|  0%| F|  |TAMS 0x00000000a9500000, 0x00000000a9500000| Untracked 
| 662|0x00000000a9600000, 0x00000000a9600000, 0x00000000a9700000|  0%| F|  |TAMS 0x00000000a9600000, 0x00000000a9600000| Untracked 
| 663|0x00000000a9700000, 0x00000000a9700000, 0x00000000a9800000|  0%| F|  |TAMS 0x00000000a9700000, 0x00000000a9700000| Untracked 
| 664|0x00000000a9800000, 0x00000000a9800000, 0x00000000a9900000|  0%| F|  |TAMS 0x00000000a9800000, 0x00000000a9800000| Untracked 
| 665|0x00000000a9900000, 0x00000000a9900000, 0x00000000a9a00000|  0%| F|  |TAMS 0x00000000a9900000, 0x00000000a9900000| Untracked 
| 666|0x00000000a9a00000, 0x00000000a9a00000, 0x00000000a9b00000|  0%| F|  |TAMS 0x00000000a9a00000, 0x00000000a9a00000| Untracked 
| 667|0x00000000a9b00000, 0x00000000a9b00000, 0x00000000a9c00000|  0%| F|  |TAMS 0x00000000a9b00000, 0x00000000a9b00000| Untracked 
| 668|0x00000000a9c00000, 0x00000000a9c00000, 0x00000000a9d00000|  0%| F|  |TAMS 0x00000000a9c00000, 0x00000000a9c00000| Untracked 
| 669|0x00000000a9d00000, 0x00000000a9d00000, 0x00000000a9e00000|  0%| F|  |TAMS 0x00000000a9d00000, 0x00000000a9d00000| Untracked 
| 670|0x00000000a9e00000, 0x00000000a9e00000, 0x00000000a9f00000|  0%| F|  |TAMS 0x00000000a9e00000, 0x00000000a9e00000| Untracked 
| 671|0x00000000a9f00000, 0x00000000a9f00000, 0x00000000aa000000|  0%| F|  |TAMS 0x00000000a9f00000, 0x00000000a9f00000| Untracked 
| 672|0x00000000aa000000, 0x00000000aa000000, 0x00000000aa100000|  0%| F|  |TAMS 0x00000000aa000000, 0x00000000aa000000| Untracked 
| 673|0x00000000aa100000, 0x00000000aa100000, 0x00000000aa200000|  0%| F|  |TAMS 0x00000000aa100000, 0x00000000aa100000| Untracked 
| 674|0x00000000aa200000, 0x00000000aa200000, 0x00000000aa300000|  0%| F|  |TAMS 0x00000000aa200000, 0x00000000aa200000| Untracked 
| 675|0x00000000aa300000, 0x00000000aa300000, 0x00000000aa400000|  0%| F|  |TAMS 0x00000000aa300000, 0x00000000aa300000| Untracked 
| 676|0x00000000aa400000, 0x00000000aa400000, 0x00000000aa500000|  0%| F|  |TAMS 0x00000000aa400000, 0x00000000aa400000| Untracked 
| 677|0x00000000aa500000, 0x00000000aa500000, 0x00000000aa600000|  0%| F|  |TAMS 0x00000000aa500000, 0x00000000aa500000| Untracked 
| 678|0x00000000aa600000, 0x00000000aa600000, 0x00000000aa700000|  0%| F|  |TAMS 0x00000000aa600000, 0x00000000aa600000| Untracked 
| 679|0x00000000aa700000, 0x00000000aa700000, 0x00000000aa800000|  0%| F|  |TAMS 0x00000000aa700000, 0x00000000aa700000| Untracked 
| 680|0x00000000aa800000, 0x00000000aa800000, 0x00000000aa900000|  0%| F|  |TAMS 0x00000000aa800000, 0x00000000aa800000| Untracked 
| 681|0x00000000aa900000, 0x00000000aa900000, 0x00000000aaa00000|  0%| F|  |TAMS 0x00000000aa900000, 0x00000000aa900000| Untracked 
| 682|0x00000000aaa00000, 0x00000000aaa00000, 0x00000000aab00000|  0%| F|  |TAMS 0x00000000aaa00000, 0x00000000aaa00000| Untracked 
| 683|0x00000000aab00000, 0x00000000aab00000, 0x00000000aac00000|  0%| F|  |TAMS 0x00000000aab00000, 0x00000000aab00000| Untracked 
| 684|0x00000000aac00000, 0x00000000aac00000, 0x00000000aad00000|  0%| F|  |TAMS 0x00000000aac00000, 0x00000000aac00000| Untracked 
| 685|0x00000000aad00000, 0x00000000aad00000, 0x00000000aae00000|  0%| F|  |TAMS 0x00000000aad00000, 0x00000000aad00000| Untracked 
| 686|0x00000000aae00000, 0x00000000aae00000, 0x00000000aaf00000|  0%| F|  |TAMS 0x00000000aae00000, 0x00000000aae00000| Untracked 
| 687|0x00000000aaf00000, 0x00000000aaf00000, 0x00000000ab000000|  0%| F|  |TAMS 0x00000000aaf00000, 0x00000000aaf00000| Untracked 
| 688|0x00000000ab000000, 0x00000000ab000000, 0x00000000ab100000|  0%| F|  |TAMS 0x00000000ab000000, 0x00000000ab000000| Untracked 
| 689|0x00000000ab100000, 0x00000000ab100000, 0x00000000ab200000|  0%| F|  |TAMS 0x00000000ab100000, 0x00000000ab100000| Untracked 
| 690|0x00000000ab200000, 0x00000000ab200000, 0x00000000ab300000|  0%| F|  |TAMS 0x00000000ab200000, 0x00000000ab200000| Untracked 
| 691|0x00000000ab300000, 0x00000000ab300000, 0x00000000ab400000|  0%| F|  |TAMS 0x00000000ab300000, 0x00000000ab300000| Untracked 
| 692|0x00000000ab400000, 0x00000000ab400000, 0x00000000ab500000|  0%| F|  |TAMS 0x00000000ab400000, 0x00000000ab400000| Untracked 
| 693|0x00000000ab500000, 0x00000000ab500000, 0x00000000ab600000|  0%| F|  |TAMS 0x00000000ab500000, 0x00000000ab500000| Untracked 
| 694|0x00000000ab600000, 0x00000000ab600000, 0x00000000ab700000|  0%| F|  |TAMS 0x00000000ab600000, 0x00000000ab600000| Untracked 
| 695|0x00000000ab700000, 0x00000000ab700000, 0x00000000ab800000|  0%| F|  |TAMS 0x00000000ab700000, 0x00000000ab700000| Untracked 
| 696|0x00000000ab800000, 0x00000000ab800000, 0x00000000ab900000|  0%| F|  |TAMS 0x00000000ab800000, 0x00000000ab800000| Untracked 
| 697|0x00000000ab900000, 0x00000000ab900000, 0x00000000aba00000|  0%| F|  |TAMS 0x00000000ab900000, 0x00000000ab900000| Untracked 
| 698|0x00000000aba00000, 0x00000000aba00000, 0x00000000abb00000|  0%| F|  |TAMS 0x00000000aba00000, 0x00000000aba00000| Untracked 
| 699|0x00000000abb00000, 0x00000000abb00000, 0x00000000abc00000|  0%| F|  |TAMS 0x00000000abb00000, 0x00000000abb00000| Untracked 
| 700|0x00000000abc00000, 0x00000000abc00000, 0x00000000abd00000|  0%| F|  |TAMS 0x00000000abc00000, 0x00000000abc00000| Untracked 
| 701|0x00000000abd00000, 0x00000000abd00000, 0x00000000abe00000|  0%| F|  |TAMS 0x00000000abd00000, 0x00000000abd00000| Untracked 
| 702|0x00000000abe00000, 0x00000000abe00000, 0x00000000abf00000|  0%| F|  |TAMS 0x00000000abe00000, 0x00000000abe00000| Untracked 
| 703|0x00000000abf00000, 0x00000000abf00000, 0x00000000ac000000|  0%| F|  |TAMS 0x00000000abf00000, 0x00000000abf00000| Untracked 
| 704|0x00000000ac000000, 0x00000000ac000000, 0x00000000ac100000|  0%| F|  |TAMS 0x00000000ac000000, 0x00000000ac000000| Untracked 
| 705|0x00000000ac100000, 0x00000000ac100000, 0x00000000ac200000|  0%| F|  |TAMS 0x00000000ac100000, 0x00000000ac100000| Untracked 
| 706|0x00000000ac200000, 0x00000000ac200000, 0x00000000ac300000|  0%| F|  |TAMS 0x00000000ac200000, 0x00000000ac200000| Untracked 
| 707|0x00000000ac300000, 0x00000000ac300000, 0x00000000ac400000|  0%| F|  |TAMS 0x00000000ac300000, 0x00000000ac300000| Untracked 
| 708|0x00000000ac400000, 0x00000000ac400000, 0x00000000ac500000|  0%| F|  |TAMS 0x00000000ac400000, 0x00000000ac400000| Untracked 
| 709|0x00000000ac500000, 0x00000000ac500000, 0x00000000ac600000|  0%| F|  |TAMS 0x00000000ac500000, 0x00000000ac500000| Untracked 
| 710|0x00000000ac600000, 0x00000000ac600000, 0x00000000ac700000|  0%| F|  |TAMS 0x00000000ac600000, 0x00000000ac600000| Untracked 
| 711|0x00000000ac700000, 0x00000000ac700000, 0x00000000ac800000|  0%| F|  |TAMS 0x00000000ac700000, 0x00000000ac700000| Untracked 
| 712|0x00000000ac800000, 0x00000000ac800000, 0x00000000ac900000|  0%| F|  |TAMS 0x00000000ac800000, 0x00000000ac800000| Untracked 
| 713|0x00000000ac900000, 0x00000000ac900000, 0x00000000aca00000|  0%| F|  |TAMS 0x00000000ac900000, 0x00000000ac900000| Untracked 
| 714|0x00000000aca00000, 0x00000000aca00000, 0x00000000acb00000|  0%| F|  |TAMS 0x00000000aca00000, 0x00000000aca00000| Untracked 
| 715|0x00000000acb00000, 0x00000000acb00000, 0x00000000acc00000|  0%| F|  |TAMS 0x00000000acb00000, 0x00000000acb00000| Untracked 
| 716|0x00000000acc00000, 0x00000000acc00000, 0x00000000acd00000|  0%| F|  |TAMS 0x00000000acc00000, 0x00000000acc00000| Untracked 
| 717|0x00000000acd00000, 0x00000000acd00000, 0x00000000ace00000|  0%| F|  |TAMS 0x00000000acd00000, 0x00000000acd00000| Untracked 
| 718|0x00000000ace00000, 0x00000000ace00000, 0x00000000acf00000|  0%| F|  |TAMS 0x00000000ace00000, 0x00000000ace00000| Untracked 
| 719|0x00000000acf00000, 0x00000000acf00000, 0x00000000ad000000|  0%| F|  |TAMS 0x00000000acf00000, 0x00000000acf00000| Untracked 
| 720|0x00000000ad000000, 0x00000000ad000000, 0x00000000ad100000|  0%| F|  |TAMS 0x00000000ad000000, 0x00000000ad000000| Untracked 
| 721|0x00000000ad100000, 0x00000000ad100000, 0x00000000ad200000|  0%| F|  |TAMS 0x00000000ad100000, 0x00000000ad100000| Untracked 
| 722|0x00000000ad200000, 0x00000000ad200000, 0x00000000ad300000|  0%| F|  |TAMS 0x00000000ad200000, 0x00000000ad200000| Untracked 
| 723|0x00000000ad300000, 0x00000000ad300000, 0x00000000ad400000|  0%| F|  |TAMS 0x00000000ad300000, 0x00000000ad300000| Untracked 
| 724|0x00000000ad400000, 0x00000000ad400000, 0x00000000ad500000|  0%| F|  |TAMS 0x00000000ad400000, 0x00000000ad400000| Untracked 
| 725|0x00000000ad500000, 0x00000000ad500000, 0x00000000ad600000|  0%| F|  |TAMS 0x00000000ad500000, 0x00000000ad500000| Untracked 
| 726|0x00000000ad600000, 0x00000000ad600000, 0x00000000ad700000|  0%| F|  |TAMS 0x00000000ad600000, 0x00000000ad600000| Untracked 
| 727|0x00000000ad700000, 0x00000000ad700000, 0x00000000ad800000|  0%| F|  |TAMS 0x00000000ad700000, 0x00000000ad700000| Untracked 
| 728|0x00000000ad800000, 0x00000000ad800000, 0x00000000ad900000|  0%| F|  |TAMS 0x00000000ad800000, 0x00000000ad800000| Untracked 
| 729|0x00000000ad900000, 0x00000000ad900000, 0x00000000ada00000|  0%| F|  |TAMS 0x00000000ad900000, 0x00000000ad900000| Untracked 
| 730|0x00000000ada00000, 0x00000000ada00000, 0x00000000adb00000|  0%| F|  |TAMS 0x00000000ada00000, 0x00000000ada00000| Untracked 
| 731|0x00000000adb00000, 0x00000000adb00000, 0x00000000adc00000|  0%| F|  |TAMS 0x00000000adb00000, 0x00000000adb00000| Untracked 
| 732|0x00000000adc00000, 0x00000000adc00000, 0x00000000add00000|  0%| F|  |TAMS 0x00000000adc00000, 0x00000000adc00000| Untracked 
| 733|0x00000000add00000, 0x00000000add00000, 0x00000000ade00000|  0%| F|  |TAMS 0x00000000add00000, 0x00000000add00000| Untracked 
| 734|0x00000000ade00000, 0x00000000ade00000, 0x00000000adf00000|  0%| F|  |TAMS 0x00000000ade00000, 0x00000000ade00000| Untracked 
| 735|0x00000000adf00000, 0x00000000adf00000, 0x00000000ae000000|  0%| F|  |TAMS 0x00000000adf00000, 0x00000000adf00000| Untracked 
| 736|0x00000000ae000000, 0x00000000ae000000, 0x00000000ae100000|  0%| F|  |TAMS 0x00000000ae000000, 0x00000000ae000000| Untracked 
| 737|0x00000000ae100000, 0x00000000ae100000, 0x00000000ae200000|  0%| F|  |TAMS 0x00000000ae100000, 0x00000000ae100000| Untracked 
| 738|0x00000000ae200000, 0x00000000ae200000, 0x00000000ae300000|  0%| F|  |TAMS 0x00000000ae200000, 0x00000000ae200000| Untracked 
| 739|0x00000000ae300000, 0x00000000ae300000, 0x00000000ae400000|  0%| F|  |TAMS 0x00000000ae300000, 0x00000000ae300000| Untracked 
| 740|0x00000000ae400000, 0x00000000ae400000, 0x00000000ae500000|  0%| F|  |TAMS 0x00000000ae400000, 0x00000000ae400000| Untracked 
| 741|0x00000000ae500000, 0x00000000ae500000, 0x00000000ae600000|  0%| F|  |TAMS 0x00000000ae500000, 0x00000000ae500000| Untracked 
| 742|0x00000000ae600000, 0x00000000ae600000, 0x00000000ae700000|  0%| F|  |TAMS 0x00000000ae600000, 0x00000000ae600000| Untracked 
| 743|0x00000000ae700000, 0x00000000ae700000, 0x00000000ae800000|  0%| F|  |TAMS 0x00000000ae700000, 0x00000000ae700000| Untracked 
| 744|0x00000000ae800000, 0x00000000ae800000, 0x00000000ae900000|  0%| F|  |TAMS 0x00000000ae800000, 0x00000000ae800000| Untracked 
| 745|0x00000000ae900000, 0x00000000aea00000, 0x00000000aea00000|100%| E|CS|TAMS 0x00000000ae900000, 0x00000000ae900000| Complete 
| 746|0x00000000aea00000, 0x00000000aeb00000, 0x00000000aeb00000|100%| E|CS|TAMS 0x00000000aea00000, 0x00000000aea00000| Complete 
| 747|0x00000000aeb00000, 0x00000000aec00000, 0x00000000aec00000|100%| E|CS|TAMS 0x00000000aeb00000, 0x00000000aeb00000| Complete 
| 748|0x00000000aec00000, 0x00000000aed00000, 0x00000000aed00000|100%| E|CS|TAMS 0x00000000aec00000, 0x00000000aec00000| Complete 
| 749|0x00000000aed00000, 0x00000000aee00000, 0x00000000aee00000|100%| E|CS|TAMS 0x00000000aed00000, 0x00000000aed00000| Complete 
| 750|0x00000000aee00000, 0x00000000aef00000, 0x00000000aef00000|100%| E|CS|TAMS 0x00000000aee00000, 0x00000000aee00000| Complete 
| 751|0x00000000aef00000, 0x00000000af000000, 0x00000000af000000|100%| E|CS|TAMS 0x00000000aef00000, 0x00000000aef00000| Complete 
| 752|0x00000000af000000, 0x00000000af100000, 0x00000000af100000|100%| E|CS|TAMS 0x00000000af000000, 0x00000000af000000| Complete 
| 753|0x00000000af100000, 0x00000000af200000, 0x00000000af200000|100%| E|CS|TAMS 0x00000000af100000, 0x00000000af100000| Complete 
| 754|0x00000000af200000, 0x00000000af300000, 0x00000000af300000|100%| E|CS|TAMS 0x00000000af200000, 0x00000000af200000| Complete 
| 755|0x00000000af300000, 0x00000000af400000, 0x00000000af400000|100%| E|CS|TAMS 0x00000000af300000, 0x00000000af300000| Complete 
| 756|0x00000000af400000, 0x00000000af500000, 0x00000000af500000|100%| E|CS|TAMS 0x00000000af400000, 0x00000000af400000| Complete 
| 757|0x00000000af500000, 0x00000000af600000, 0x00000000af600000|100%| E|CS|TAMS 0x00000000af500000, 0x00000000af500000| Complete 
| 758|0x00000000af600000, 0x00000000af700000, 0x00000000af700000|100%| E|CS|TAMS 0x00000000af600000, 0x00000000af600000| Complete 
| 759|0x00000000af700000, 0x00000000af800000, 0x00000000af800000|100%| E|CS|TAMS 0x00000000af700000, 0x00000000af700000| Complete 
| 760|0x00000000af800000, 0x00000000af900000, 0x00000000af900000|100%| E|CS|TAMS 0x00000000af800000, 0x00000000af800000| Complete 
| 761|0x00000000af900000, 0x00000000afa00000, 0x00000000afa00000|100%| E|CS|TAMS 0x00000000af900000, 0x00000000af900000| Complete 
| 762|0x00000000afa00000, 0x00000000afb00000, 0x00000000afb00000|100%| E|CS|TAMS 0x00000000afa00000, 0x00000000afa00000| Complete 
| 763|0x00000000afb00000, 0x00000000afc00000, 0x00000000afc00000|100%| E|CS|TAMS 0x00000000afb00000, 0x00000000afb00000| Complete 
| 764|0x00000000afc00000, 0x00000000afd00000, 0x00000000afd00000|100%| E|CS|TAMS 0x00000000afc00000, 0x00000000afc00000| Complete 
| 765|0x00000000afd00000, 0x00000000afe00000, 0x00000000afe00000|100%| E|CS|TAMS 0x00000000afd00000, 0x00000000afd00000| Complete 
| 766|0x00000000afe00000, 0x00000000aff00000, 0x00000000aff00000|100%| E|CS|TAMS 0x00000000afe00000, 0x00000000afe00000| Complete 
| 767|0x00000000aff00000, 0x00000000b0000000, 0x00000000b0000000|100%| E|CS|TAMS 0x00000000aff00000, 0x00000000aff00000| Complete 
| 768|0x00000000b0000000, 0x00000000b0100000, 0x00000000b0100000|100%| E|CS|TAMS 0x00000000b0000000, 0x00000000b0000000| Complete 
| 769|0x00000000b0100000, 0x00000000b0200000, 0x00000000b0200000|100%| E|CS|TAMS 0x00000000b0100000, 0x00000000b0100000| Complete 
| 770|0x00000000b0200000, 0x00000000b0300000, 0x00000000b0300000|100%| E|CS|TAMS 0x00000000b0200000, 0x00000000b0200000| Complete 
| 771|0x00000000b0300000, 0x00000000b0400000, 0x00000000b0400000|100%| E|CS|TAMS 0x00000000b0300000, 0x00000000b0300000| Complete 
| 772|0x00000000b0400000, 0x00000000b0500000, 0x00000000b0500000|100%| E|CS|TAMS 0x00000000b0400000, 0x00000000b0400000| Complete 
| 773|0x00000000b0500000, 0x00000000b0600000, 0x00000000b0600000|100%| E|CS|TAMS 0x00000000b0500000, 0x00000000b0500000| Complete 
| 774|0x00000000b0600000, 0x00000000b0700000, 0x00000000b0700000|100%| E|CS|TAMS 0x00000000b0600000, 0x00000000b0600000| Complete 
| 775|0x00000000b0700000, 0x00000000b0800000, 0x00000000b0800000|100%| E|CS|TAMS 0x00000000b0700000, 0x00000000b0700000| Complete 
| 776|0x00000000b0800000, 0x00000000b0900000, 0x00000000b0900000|100%| E|CS|TAMS 0x00000000b0800000, 0x00000000b0800000| Complete 
| 777|0x00000000b0900000, 0x00000000b0a00000, 0x00000000b0a00000|100%| E|CS|TAMS 0x00000000b0900000, 0x00000000b0900000| Complete 
| 778|0x00000000b0a00000, 0x00000000b0b00000, 0x00000000b0b00000|100%| E|CS|TAMS 0x00000000b0a00000, 0x00000000b0a00000| Complete 
| 779|0x00000000b0b00000, 0x00000000b0c00000, 0x00000000b0c00000|100%| E|CS|TAMS 0x00000000b0b00000, 0x00000000b0b00000| Complete 
| 780|0x00000000b0c00000, 0x00000000b0d00000, 0x00000000b0d00000|100%| E|CS|TAMS 0x00000000b0c00000, 0x00000000b0c00000| Complete 
| 781|0x00000000b0d00000, 0x00000000b0e00000, 0x00000000b0e00000|100%| E|CS|TAMS 0x00000000b0d00000, 0x00000000b0d00000| Complete 
| 782|0x00000000b0e00000, 0x00000000b0f00000, 0x00000000b0f00000|100%| E|CS|TAMS 0x00000000b0e00000, 0x00000000b0e00000| Complete 
| 783|0x00000000b0f00000, 0x00000000b1000000, 0x00000000b1000000|100%| E|CS|TAMS 0x00000000b0f00000, 0x00000000b0f00000| Complete 
| 784|0x00000000b1000000, 0x00000000b1100000, 0x00000000b1100000|100%| E|CS|TAMS 0x00000000b1000000, 0x00000000b1000000| Complete 
| 785|0x00000000b1100000, 0x00000000b1200000, 0x00000000b1200000|100%| E|CS|TAMS 0x00000000b1100000, 0x00000000b1100000| Complete 
| 786|0x00000000b1200000, 0x00000000b1300000, 0x00000000b1300000|100%| E|CS|TAMS 0x00000000b1200000, 0x00000000b1200000| Complete 
| 787|0x00000000b1300000, 0x00000000b1400000, 0x00000000b1400000|100%| E|CS|TAMS 0x00000000b1300000, 0x00000000b1300000| Complete 
| 788|0x00000000b1400000, 0x00000000b1500000, 0x00000000b1500000|100%| E|CS|TAMS 0x00000000b1400000, 0x00000000b1400000| Complete 
| 789|0x00000000b1500000, 0x00000000b1600000, 0x00000000b1600000|100%| E|CS|TAMS 0x00000000b1500000, 0x00000000b1500000| Complete 
| 790|0x00000000b1600000, 0x00000000b1700000, 0x00000000b1700000|100%| E|CS|TAMS 0x00000000b1600000, 0x00000000b1600000| Complete 
| 791|0x00000000b1700000, 0x00000000b1800000, 0x00000000b1800000|100%| E|CS|TAMS 0x00000000b1700000, 0x00000000b1700000| Complete 
| 792|0x00000000b1800000, 0x00000000b1900000, 0x00000000b1900000|100%| E|CS|TAMS 0x00000000b1800000, 0x00000000b1800000| Complete 
| 793|0x00000000b1900000, 0x00000000b1a00000, 0x00000000b1a00000|100%| E|CS|TAMS 0x00000000b1900000, 0x00000000b1900000| Complete 
| 794|0x00000000b1a00000, 0x00000000b1b00000, 0x00000000b1b00000|100%| E|CS|TAMS 0x00000000b1a00000, 0x00000000b1a00000| Complete 
| 795|0x00000000b1b00000, 0x00000000b1c00000, 0x00000000b1c00000|100%| E|CS|TAMS 0x00000000b1b00000, 0x00000000b1b00000| Complete 
| 796|0x00000000b1c00000, 0x00000000b1d00000, 0x00000000b1d00000|100%| E|CS|TAMS 0x00000000b1c00000, 0x00000000b1c00000| Complete 
| 797|0x00000000b1d00000, 0x00000000b1e00000, 0x00000000b1e00000|100%| E|CS|TAMS 0x00000000b1d00000, 0x00000000b1d00000| Complete 
| 798|0x00000000b1e00000, 0x00000000b1f00000, 0x00000000b1f00000|100%| E|CS|TAMS 0x00000000b1e00000, 0x00000000b1e00000| Complete 
| 799|0x00000000b1f00000, 0x00000000b2000000, 0x00000000b2000000|100%| E|CS|TAMS 0x00000000b1f00000, 0x00000000b1f00000| Complete 
| 800|0x00000000b2000000, 0x00000000b2100000, 0x00000000b2100000|100%| E|CS|TAMS 0x00000000b2000000, 0x00000000b2000000| Complete 
| 801|0x00000000b2100000, 0x00000000b2200000, 0x00000000b2200000|100%| E|CS|TAMS 0x00000000b2100000, 0x00000000b2100000| Complete 
| 802|0x00000000b2200000, 0x00000000b2300000, 0x00000000b2300000|100%| E|CS|TAMS 0x00000000b2200000, 0x00000000b2200000| Complete 
| 803|0x00000000b2300000, 0x00000000b2400000, 0x00000000b2400000|100%| E|CS|TAMS 0x00000000b2300000, 0x00000000b2300000| Complete 
| 804|0x00000000b2400000, 0x00000000b2500000, 0x00000000b2500000|100%| E|CS|TAMS 0x00000000b2400000, 0x00000000b2400000| Complete 
| 805|0x00000000b2500000, 0x00000000b2600000, 0x00000000b2600000|100%| E|CS|TAMS 0x00000000b2500000, 0x00000000b2500000| Complete 
| 806|0x00000000b2600000, 0x00000000b2700000, 0x00000000b2700000|100%| E|CS|TAMS 0x00000000b2600000, 0x00000000b2600000| Complete 
| 807|0x00000000b2700000, 0x00000000b2800000, 0x00000000b2800000|100%| E|CS|TAMS 0x00000000b2700000, 0x00000000b2700000| Complete 
| 808|0x00000000b2800000, 0x00000000b2900000, 0x00000000b2900000|100%| E|CS|TAMS 0x00000000b2800000, 0x00000000b2800000| Complete 
| 809|0x00000000b2900000, 0x00000000b2a00000, 0x00000000b2a00000|100%| E|CS|TAMS 0x00000000b2900000, 0x00000000b2900000| Complete 
| 810|0x00000000b2a00000, 0x00000000b2b00000, 0x00000000b2b00000|100%| E|CS|TAMS 0x00000000b2a00000, 0x00000000b2a00000| Complete 
| 811|0x00000000b2b00000, 0x00000000b2c00000, 0x00000000b2c00000|100%| E|CS|TAMS 0x00000000b2b00000, 0x00000000b2b00000| Complete 
| 812|0x00000000b2c00000, 0x00000000b2d00000, 0x00000000b2d00000|100%| E|CS|TAMS 0x00000000b2c00000, 0x00000000b2c00000| Complete 
| 813|0x00000000b2d00000, 0x00000000b2e00000, 0x00000000b2e00000|100%| E|CS|TAMS 0x00000000b2d00000, 0x00000000b2d00000| Complete 
| 814|0x00000000b2e00000, 0x00000000b2f00000, 0x00000000b2f00000|100%| E|CS|TAMS 0x00000000b2e00000, 0x00000000b2e00000| Complete 
| 815|0x00000000b2f00000, 0x00000000b3000000, 0x00000000b3000000|100%| E|CS|TAMS 0x00000000b2f00000, 0x00000000b2f00000| Complete 
| 816|0x00000000b3000000, 0x00000000b3100000, 0x00000000b3100000|100%| E|CS|TAMS 0x00000000b3000000, 0x00000000b3000000| Complete 
| 817|0x00000000b3100000, 0x00000000b3200000, 0x00000000b3200000|100%| E|CS|TAMS 0x00000000b3100000, 0x00000000b3100000| Complete 
| 818|0x00000000b3200000, 0x00000000b3300000, 0x00000000b3300000|100%| E|CS|TAMS 0x00000000b3200000, 0x00000000b3200000| Complete 
| 819|0x00000000b3300000, 0x00000000b3400000, 0x00000000b3400000|100%| E|CS|TAMS 0x00000000b3300000, 0x00000000b3300000| Complete 
| 820|0x00000000b3400000, 0x00000000b3500000, 0x00000000b3500000|100%| E|CS|TAMS 0x00000000b3400000, 0x00000000b3400000| Complete 
| 821|0x00000000b3500000, 0x00000000b3600000, 0x00000000b3600000|100%| E|CS|TAMS 0x00000000b3500000, 0x00000000b3500000| Complete 
| 822|0x00000000b3600000, 0x00000000b3700000, 0x00000000b3700000|100%| E|CS|TAMS 0x00000000b3600000, 0x00000000b3600000| Complete 
| 823|0x00000000b3700000, 0x00000000b3800000, 0x00000000b3800000|100%| E|CS|TAMS 0x00000000b3700000, 0x00000000b3700000| Complete 
| 824|0x00000000b3800000, 0x00000000b3900000, 0x00000000b3900000|100%| E|CS|TAMS 0x00000000b3800000, 0x00000000b3800000| Complete 
| 825|0x00000000b3900000, 0x00000000b3a00000, 0x00000000b3a00000|100%| E|CS|TAMS 0x00000000b3900000, 0x00000000b3900000| Complete 
| 826|0x00000000b3a00000, 0x00000000b3b00000, 0x00000000b3b00000|100%| E|CS|TAMS 0x00000000b3a00000, 0x00000000b3a00000| Complete 
| 827|0x00000000b3b00000, 0x00000000b3c00000, 0x00000000b3c00000|100%| E|CS|TAMS 0x00000000b3b00000, 0x00000000b3b00000| Complete 
| 828|0x00000000b3c00000, 0x00000000b3d00000, 0x00000000b3d00000|100%| E|CS|TAMS 0x00000000b3c00000, 0x00000000b3c00000| Complete 
| 829|0x00000000b3d00000, 0x00000000b3e00000, 0x00000000b3e00000|100%| E|CS|TAMS 0x00000000b3d00000, 0x00000000b3d00000| Complete 
| 830|0x00000000b3e00000, 0x00000000b3f00000, 0x00000000b3f00000|100%| E|CS|TAMS 0x00000000b3e00000, 0x00000000b3e00000| Complete 
| 831|0x00000000b3f00000, 0x00000000b4000000, 0x00000000b4000000|100%| E|CS|TAMS 0x00000000b3f00000, 0x00000000b3f00000| Complete 
| 832|0x00000000b4000000, 0x00000000b4100000, 0x00000000b4100000|100%| E|CS|TAMS 0x00000000b4000000, 0x00000000b4000000| Complete 
| 833|0x00000000b4100000, 0x00000000b4200000, 0x00000000b4200000|100%| E|CS|TAMS 0x00000000b4100000, 0x00000000b4100000| Complete 
| 834|0x00000000b4200000, 0x00000000b4300000, 0x00000000b4300000|100%| E|CS|TAMS 0x00000000b4200000, 0x00000000b4200000| Complete 
| 835|0x00000000b4300000, 0x00000000b4400000, 0x00000000b4400000|100%| E|CS|TAMS 0x00000000b4300000, 0x00000000b4300000| Complete 
| 836|0x00000000b4400000, 0x00000000b4500000, 0x00000000b4500000|100%| E|CS|TAMS 0x00000000b4400000, 0x00000000b4400000| Complete 
| 837|0x00000000b4500000, 0x00000000b4600000, 0x00000000b4600000|100%| E|CS|TAMS 0x00000000b4500000, 0x00000000b4500000| Complete 
| 838|0x00000000b4600000, 0x00000000b4700000, 0x00000000b4700000|100%| E|CS|TAMS 0x00000000b4600000, 0x00000000b4600000| Complete 
| 839|0x00000000b4700000, 0x00000000b4800000, 0x00000000b4800000|100%| E|CS|TAMS 0x00000000b4700000, 0x00000000b4700000| Complete 
| 840|0x00000000b4800000, 0x00000000b4900000, 0x00000000b4900000|100%| E|CS|TAMS 0x00000000b4800000, 0x00000000b4800000| Complete 
| 841|0x00000000b4900000, 0x00000000b4a00000, 0x00000000b4a00000|100%| E|CS|TAMS 0x00000000b4900000, 0x00000000b4900000| Complete 
| 842|0x00000000b4a00000, 0x00000000b4b00000, 0x00000000b4b00000|100%| E|CS|TAMS 0x00000000b4a00000, 0x00000000b4a00000| Complete 
| 843|0x00000000b4b00000, 0x00000000b4c00000, 0x00000000b4c00000|100%| E|CS|TAMS 0x00000000b4b00000, 0x00000000b4b00000| Complete 
| 844|0x00000000b4c00000, 0x00000000b4d00000, 0x00000000b4d00000|100%| E|CS|TAMS 0x00000000b4c00000, 0x00000000b4c00000| Complete 
| 845|0x00000000b4d00000, 0x00000000b4e00000, 0x00000000b4e00000|100%| E|CS|TAMS 0x00000000b4d00000, 0x00000000b4d00000| Complete 
| 846|0x00000000b4e00000, 0x00000000b4f00000, 0x00000000b4f00000|100%| E|CS|TAMS 0x00000000b4e00000, 0x00000000b4e00000| Complete 
| 847|0x00000000b4f00000, 0x00000000b5000000, 0x00000000b5000000|100%| E|CS|TAMS 0x00000000b4f00000, 0x00000000b4f00000| Complete 
| 848|0x00000000b5000000, 0x00000000b5100000, 0x00000000b5100000|100%| E|CS|TAMS 0x00000000b5000000, 0x00000000b5000000| Complete 
| 849|0x00000000b5100000, 0x00000000b5200000, 0x00000000b5200000|100%| E|CS|TAMS 0x00000000b5100000, 0x00000000b5100000| Complete 
| 850|0x00000000b5200000, 0x00000000b5300000, 0x00000000b5300000|100%| E|CS|TAMS 0x00000000b5200000, 0x00000000b5200000| Complete 
| 851|0x00000000b5300000, 0x00000000b5400000, 0x00000000b5400000|100%| E|CS|TAMS 0x00000000b5300000, 0x00000000b5300000| Complete 
| 852|0x00000000b5400000, 0x00000000b5500000, 0x00000000b5500000|100%| E|CS|TAMS 0x00000000b5400000, 0x00000000b5400000| Complete 
| 853|0x00000000b5500000, 0x00000000b5600000, 0x00000000b5600000|100%| E|CS|TAMS 0x00000000b5500000, 0x00000000b5500000| Complete 
| 854|0x00000000b5600000, 0x00000000b5700000, 0x00000000b5700000|100%| E|CS|TAMS 0x00000000b5600000, 0x00000000b5600000| Complete 
| 855|0x00000000b5700000, 0x00000000b5800000, 0x00000000b5800000|100%| E|CS|TAMS 0x00000000b5700000, 0x00000000b5700000| Complete 
| 856|0x00000000b5800000, 0x00000000b5900000, 0x00000000b5900000|100%| E|CS|TAMS 0x00000000b5800000, 0x00000000b5800000| Complete 
| 857|0x00000000b5900000, 0x00000000b5a00000, 0x00000000b5a00000|100%| E|CS|TAMS 0x00000000b5900000, 0x00000000b5900000| Complete 
| 858|0x00000000b5a00000, 0x00000000b5b00000, 0x00000000b5b00000|100%| E|CS|TAMS 0x00000000b5a00000, 0x00000000b5a00000| Complete 
| 859|0x00000000b5b00000, 0x00000000b5c00000, 0x00000000b5c00000|100%| E|CS|TAMS 0x00000000b5b00000, 0x00000000b5b00000| Complete 
| 860|0x00000000b5c00000, 0x00000000b5d00000, 0x00000000b5d00000|100%| E|CS|TAMS 0x00000000b5c00000, 0x00000000b5c00000| Complete 
| 861|0x00000000b5d00000, 0x00000000b5e00000, 0x00000000b5e00000|100%| E|CS|TAMS 0x00000000b5d00000, 0x00000000b5d00000| Complete 
| 862|0x00000000b5e00000, 0x00000000b5f00000, 0x00000000b5f00000|100%| E|CS|TAMS 0x00000000b5e00000, 0x00000000b5e00000| Complete 
| 863|0x00000000b5f00000, 0x00000000b6000000, 0x00000000b6000000|100%| E|CS|TAMS 0x00000000b5f00000, 0x00000000b5f00000| Complete 
| 864|0x00000000b6000000, 0x00000000b6100000, 0x00000000b6100000|100%| E|CS|TAMS 0x00000000b6000000, 0x00000000b6000000| Complete 
| 865|0x00000000b6100000, 0x00000000b6200000, 0x00000000b6200000|100%| E|CS|TAMS 0x00000000b6100000, 0x00000000b6100000| Complete 
| 866|0x00000000b6200000, 0x00000000b6300000, 0x00000000b6300000|100%| E|CS|TAMS 0x00000000b6200000, 0x00000000b6200000| Complete 
| 867|0x00000000b6300000, 0x00000000b6400000, 0x00000000b6400000|100%| E|CS|TAMS 0x00000000b6300000, 0x00000000b6300000| Complete 
| 868|0x00000000b6400000, 0x00000000b6500000, 0x00000000b6500000|100%| E|CS|TAMS 0x00000000b6400000, 0x00000000b6400000| Complete 
| 869|0x00000000b6500000, 0x00000000b6600000, 0x00000000b6600000|100%| E|CS|TAMS 0x00000000b6500000, 0x00000000b6500000| Complete 
| 870|0x00000000b6600000, 0x00000000b6700000, 0x00000000b6700000|100%| E|CS|TAMS 0x00000000b6600000, 0x00000000b6600000| Complete 
| 871|0x00000000b6700000, 0x00000000b6800000, 0x00000000b6800000|100%| E|CS|TAMS 0x00000000b6700000, 0x00000000b6700000| Complete 
| 872|0x00000000b6800000, 0x00000000b6900000, 0x00000000b6900000|100%| E|CS|TAMS 0x00000000b6800000, 0x00000000b6800000| Complete 
| 873|0x00000000b6900000, 0x00000000b6a00000, 0x00000000b6a00000|100%| E|CS|TAMS 0x00000000b6900000, 0x00000000b6900000| Complete 
| 874|0x00000000b6a00000, 0x00000000b6b00000, 0x00000000b6b00000|100%| E|CS|TAMS 0x00000000b6a00000, 0x00000000b6a00000| Complete 
| 875|0x00000000b6b00000, 0x00000000b6c00000, 0x00000000b6c00000|100%| E|CS|TAMS 0x00000000b6b00000, 0x00000000b6b00000| Complete 
| 876|0x00000000b6c00000, 0x00000000b6d00000, 0x00000000b6d00000|100%| E|CS|TAMS 0x00000000b6c00000, 0x00000000b6c00000| Complete 
| 877|0x00000000b6d00000, 0x00000000b6e00000, 0x00000000b6e00000|100%| E|CS|TAMS 0x00000000b6d00000, 0x00000000b6d00000| Complete 
| 878|0x00000000b6e00000, 0x00000000b6f00000, 0x00000000b6f00000|100%| E|CS|TAMS 0x00000000b6e00000, 0x00000000b6e00000| Complete 
| 879|0x00000000b6f00000, 0x00000000b7000000, 0x00000000b7000000|100%| E|CS|TAMS 0x00000000b6f00000, 0x00000000b6f00000| Complete 
| 880|0x00000000b7000000, 0x00000000b7100000, 0x00000000b7100000|100%| E|CS|TAMS 0x00000000b7000000, 0x00000000b7000000| Complete 
| 881|0x00000000b7100000, 0x00000000b7200000, 0x00000000b7200000|100%| E|CS|TAMS 0x00000000b7100000, 0x00000000b7100000| Complete 
| 882|0x00000000b7200000, 0x00000000b7300000, 0x00000000b7300000|100%| E|CS|TAMS 0x00000000b7200000, 0x00000000b7200000| Complete 
| 883|0x00000000b7300000, 0x00000000b7400000, 0x00000000b7400000|100%| E|CS|TAMS 0x00000000b7300000, 0x00000000b7300000| Complete 
| 884|0x00000000b7400000, 0x00000000b7500000, 0x00000000b7500000|100%| E|CS|TAMS 0x00000000b7400000, 0x00000000b7400000| Complete 
| 885|0x00000000b7500000, 0x00000000b7600000, 0x00000000b7600000|100%| E|CS|TAMS 0x00000000b7500000, 0x00000000b7500000| Complete 
| 886|0x00000000b7600000, 0x00000000b7700000, 0x00000000b7700000|100%| E|CS|TAMS 0x00000000b7600000, 0x00000000b7600000| Complete 
| 887|0x00000000b7700000, 0x00000000b7800000, 0x00000000b7800000|100%| E|CS|TAMS 0x00000000b7700000, 0x00000000b7700000| Complete 
| 888|0x00000000b7800000, 0x00000000b7900000, 0x00000000b7900000|100%| E|CS|TAMS 0x00000000b7800000, 0x00000000b7800000| Complete 
| 889|0x00000000b7900000, 0x00000000b7a00000, 0x00000000b7a00000|100%| E|CS|TAMS 0x00000000b7900000, 0x00000000b7900000| Complete 
| 890|0x00000000b7a00000, 0x00000000b7b00000, 0x00000000b7b00000|100%| E|CS|TAMS 0x00000000b7a00000, 0x00000000b7a00000| Complete 
| 891|0x00000000b7b00000, 0x00000000b7c00000, 0x00000000b7c00000|100%| E|CS|TAMS 0x00000000b7b00000, 0x00000000b7b00000| Complete 
| 892|0x00000000b7c00000, 0x00000000b7d00000, 0x00000000b7d00000|100%| E|CS|TAMS 0x00000000b7c00000, 0x00000000b7c00000| Complete 
| 893|0x00000000b7d00000, 0x00000000b7e00000, 0x00000000b7e00000|100%| E|CS|TAMS 0x00000000b7d00000, 0x00000000b7d00000| Complete 
| 894|0x00000000b7e00000, 0x00000000b7f00000, 0x00000000b7f00000|100%| E|CS|TAMS 0x00000000b7e00000, 0x00000000b7e00000| Complete 
| 895|0x00000000b7f00000, 0x00000000b8000000, 0x00000000b8000000|100%| E|CS|TAMS 0x00000000b7f00000, 0x00000000b7f00000| Complete 
| 896|0x00000000b8000000, 0x00000000b8100000, 0x00000000b8100000|100%| E|CS|TAMS 0x00000000b8000000, 0x00000000b8000000| Complete 
| 897|0x00000000b8100000, 0x00000000b8200000, 0x00000000b8200000|100%| E|CS|TAMS 0x00000000b8100000, 0x00000000b8100000| Complete 
| 898|0x00000000b8200000, 0x00000000b8300000, 0x00000000b8300000|100%| E|CS|TAMS 0x00000000b8200000, 0x00000000b8200000| Complete 
| 899|0x00000000b8300000, 0x00000000b8400000, 0x00000000b8400000|100%| E|CS|TAMS 0x00000000b8300000, 0x00000000b8300000| Complete 
| 900|0x00000000b8400000, 0x00000000b8500000, 0x00000000b8500000|100%| E|CS|TAMS 0x00000000b8400000, 0x00000000b8400000| Complete 
| 901|0x00000000b8500000, 0x00000000b8600000, 0x00000000b8600000|100%| E|CS|TAMS 0x00000000b8500000, 0x00000000b8500000| Complete 
| 902|0x00000000b8600000, 0x00000000b8700000, 0x00000000b8700000|100%| E|CS|TAMS 0x00000000b8600000, 0x00000000b8600000| Complete 
| 903|0x00000000b8700000, 0x00000000b8800000, 0x00000000b8800000|100%| E|CS|TAMS 0x00000000b8700000, 0x00000000b8700000| Complete 
| 904|0x00000000b8800000, 0x00000000b8900000, 0x00000000b8900000|100%| E|CS|TAMS 0x00000000b8800000, 0x00000000b8800000| Complete 
| 905|0x00000000b8900000, 0x00000000b8a00000, 0x00000000b8a00000|100%| E|CS|TAMS 0x00000000b8900000, 0x00000000b8900000| Complete 
| 906|0x00000000b8a00000, 0x00000000b8b00000, 0x00000000b8b00000|100%| E|CS|TAMS 0x00000000b8a00000, 0x00000000b8a00000| Complete 
| 907|0x00000000b8b00000, 0x00000000b8c00000, 0x00000000b8c00000|100%| E|CS|TAMS 0x00000000b8b00000, 0x00000000b8b00000| Complete 
| 908|0x00000000b8c00000, 0x00000000b8d00000, 0x00000000b8d00000|100%| E|CS|TAMS 0x00000000b8c00000, 0x00000000b8c00000| Complete 
| 909|0x00000000b8d00000, 0x00000000b8e00000, 0x00000000b8e00000|100%| E|CS|TAMS 0x00000000b8d00000, 0x00000000b8d00000| Complete 
| 910|0x00000000b8e00000, 0x00000000b8e00000, 0x00000000b8f00000|  0%| F|  |TAMS 0x00000000b8e00000, 0x00000000b8e00000| Untracked 
| 911|0x00000000b8f00000, 0x00000000b8f00000, 0x00000000b9000000|  0%| F|  |TAMS 0x00000000b8f00000, 0x00000000b8f00000| Untracked 
| 912|0x00000000b9000000, 0x00000000b9000000, 0x00000000b9100000|  0%| F|  |TAMS 0x00000000b9000000, 0x00000000b9000000| Untracked 
| 913|0x00000000b9100000, 0x00000000b9100000, 0x00000000b9200000|  0%| F|  |TAMS 0x00000000b9100000, 0x00000000b9100000| Untracked 
| 914|0x00000000b9200000, 0x00000000b9200000, 0x00000000b9300000|  0%| F|  |TAMS 0x00000000b9200000, 0x00000000b9200000| Untracked 
| 915|0x00000000b9300000, 0x00000000b9300000, 0x00000000b9400000|  0%| F|  |TAMS 0x00000000b9300000, 0x00000000b9300000| Untracked 
| 916|0x00000000b9400000, 0x00000000b9400000, 0x00000000b9500000|  0%| F|  |TAMS 0x00000000b9400000, 0x00000000b9400000| Untracked 
| 917|0x00000000b9500000, 0x00000000b9500000, 0x00000000b9600000|  0%| F|  |TAMS 0x00000000b9500000, 0x00000000b9500000| Untracked 
| 918|0x00000000b9600000, 0x00000000b9600000, 0x00000000b9700000|  0%| F|  |TAMS 0x00000000b9600000, 0x00000000b9600000| Untracked 
| 919|0x00000000b9700000, 0x00000000b9700000, 0x00000000b9800000|  0%| F|  |TAMS 0x00000000b9700000, 0x00000000b9700000| Untracked 
| 920|0x00000000b9800000, 0x00000000b9800000, 0x00000000b9900000|  0%| F|  |TAMS 0x00000000b9800000, 0x00000000b9800000| Untracked 
| 921|0x00000000b9900000, 0x00000000b9900000, 0x00000000b9a00000|  0%| F|  |TAMS 0x00000000b9900000, 0x00000000b9900000| Untracked 
| 922|0x00000000b9a00000, 0x00000000b9a00000, 0x00000000b9b00000|  0%| F|  |TAMS 0x00000000b9a00000, 0x00000000b9a00000| Untracked 
| 923|0x00000000b9b00000, 0x00000000b9b00000, 0x00000000b9c00000|  0%| F|  |TAMS 0x00000000b9b00000, 0x00000000b9b00000| Untracked 
| 924|0x00000000b9c00000, 0x00000000b9c00000, 0x00000000b9d00000|  0%| F|  |TAMS 0x00000000b9c00000, 0x00000000b9c00000| Untracked 
| 925|0x00000000b9d00000, 0x00000000b9d00000, 0x00000000b9e00000|  0%| F|  |TAMS 0x00000000b9d00000, 0x00000000b9d00000| Untracked 
| 926|0x00000000b9e00000, 0x00000000b9e00000, 0x00000000b9f00000|  0%| F|  |TAMS 0x00000000b9e00000, 0x00000000b9e00000| Untracked 
| 927|0x00000000b9f00000, 0x00000000b9f00000, 0x00000000ba000000|  0%| F|  |TAMS 0x00000000b9f00000, 0x00000000b9f00000| Untracked 
| 928|0x00000000ba000000, 0x00000000ba000000, 0x00000000ba100000|  0%| F|  |TAMS 0x00000000ba000000, 0x00000000ba000000| Untracked 
| 929|0x00000000ba100000, 0x00000000ba100000, 0x00000000ba200000|  0%| F|  |TAMS 0x00000000ba100000, 0x00000000ba100000| Untracked 
| 930|0x00000000ba200000, 0x00000000ba200000, 0x00000000ba300000|  0%| F|  |TAMS 0x00000000ba200000, 0x00000000ba200000| Untracked 
| 931|0x00000000ba300000, 0x00000000ba300000, 0x00000000ba400000|  0%| F|  |TAMS 0x00000000ba300000, 0x00000000ba300000| Untracked 
| 932|0x00000000ba400000, 0x00000000ba400000, 0x00000000ba500000|  0%| F|  |TAMS 0x00000000ba400000, 0x00000000ba400000| Untracked 
| 933|0x00000000ba500000, 0x00000000ba500000, 0x00000000ba600000|  0%| F|  |TAMS 0x00000000ba500000, 0x00000000ba500000| Untracked 
| 934|0x00000000ba600000, 0x00000000ba600000, 0x00000000ba700000|  0%| F|  |TAMS 0x00000000ba600000, 0x00000000ba600000| Untracked 
| 935|0x00000000ba700000, 0x00000000ba700000, 0x00000000ba800000|  0%| F|  |TAMS 0x00000000ba700000, 0x00000000ba700000| Untracked 
| 936|0x00000000ba800000, 0x00000000ba800000, 0x00000000ba900000|  0%| F|  |TAMS 0x00000000ba800000, 0x00000000ba800000| Untracked 
| 937|0x00000000ba900000, 0x00000000ba900000, 0x00000000baa00000|  0%| F|  |TAMS 0x00000000ba900000, 0x00000000ba900000| Untracked 
| 938|0x00000000baa00000, 0x00000000baa00000, 0x00000000bab00000|  0%| F|  |TAMS 0x00000000baa00000, 0x00000000baa00000| Untracked 
| 939|0x00000000bab00000, 0x00000000bab00000, 0x00000000bac00000|  0%| F|  |TAMS 0x00000000bab00000, 0x00000000bab00000| Untracked 
| 940|0x00000000bac00000, 0x00000000bac00000, 0x00000000bad00000|  0%| F|  |TAMS 0x00000000bac00000, 0x00000000bac00000| Untracked 
| 941|0x00000000bad00000, 0x00000000bad00000, 0x00000000bae00000|  0%| F|  |TAMS 0x00000000bad00000, 0x00000000bad00000| Untracked 
| 942|0x00000000bae00000, 0x00000000bae00000, 0x00000000baf00000|  0%| F|  |TAMS 0x00000000bae00000, 0x00000000bae00000| Untracked 
| 943|0x00000000baf00000, 0x00000000baf00000, 0x00000000bb000000|  0%| F|  |TAMS 0x00000000baf00000, 0x00000000baf00000| Untracked 
| 944|0x00000000bb000000, 0x00000000bb000000, 0x00000000bb100000|  0%| F|  |TAMS 0x00000000bb000000, 0x00000000bb000000| Untracked 
| 945|0x00000000bb100000, 0x00000000bb100000, 0x00000000bb200000|  0%| F|  |TAMS 0x00000000bb100000, 0x00000000bb100000| Untracked 
| 946|0x00000000bb200000, 0x00000000bb200000, 0x00000000bb300000|  0%| F|  |TAMS 0x00000000bb200000, 0x00000000bb200000| Untracked 
| 947|0x00000000bb300000, 0x00000000bb300000, 0x00000000bb400000|  0%| F|  |TAMS 0x00000000bb300000, 0x00000000bb300000| Untracked 
| 948|0x00000000bb400000, 0x00000000bb400000, 0x00000000bb500000|  0%| F|  |TAMS 0x00000000bb400000, 0x00000000bb400000| Untracked 
| 949|0x00000000bb500000, 0x00000000bb500000, 0x00000000bb600000|  0%| F|  |TAMS 0x00000000bb500000, 0x00000000bb500000| Untracked 
| 950|0x00000000bb600000, 0x00000000bb600000, 0x00000000bb700000|  0%| F|  |TAMS 0x00000000bb600000, 0x00000000bb600000| Untracked 
| 951|0x00000000bb700000, 0x00000000bb700000, 0x00000000bb800000|  0%| F|  |TAMS 0x00000000bb700000, 0x00000000bb700000| Untracked 
| 952|0x00000000bb800000, 0x00000000bb800000, 0x00000000bb900000|  0%| F|  |TAMS 0x00000000bb800000, 0x00000000bb800000| Untracked 
| 953|0x00000000bb900000, 0x00000000bb900000, 0x00000000bba00000|  0%| F|  |TAMS 0x00000000bb900000, 0x00000000bb900000| Untracked 
| 954|0x00000000bba00000, 0x00000000bba00000, 0x00000000bbb00000|  0%| F|  |TAMS 0x00000000bba00000, 0x00000000bba00000| Untracked 
| 955|0x00000000bbb00000, 0x00000000bbb00000, 0x00000000bbc00000|  0%| F|  |TAMS 0x00000000bbb00000, 0x00000000bbb00000| Untracked 
| 956|0x00000000bbc00000, 0x00000000bbc00000, 0x00000000bbd00000|  0%| F|  |TAMS 0x00000000bbc00000, 0x00000000bbc00000| Untracked 
| 957|0x00000000bbd00000, 0x00000000bbd00000, 0x00000000bbe00000|  0%| F|  |TAMS 0x00000000bbd00000, 0x00000000bbd00000| Untracked 
| 958|0x00000000bbe00000, 0x00000000bbe00000, 0x00000000bbf00000|  0%| F|  |TAMS 0x00000000bbe00000, 0x00000000bbe00000| Untracked 
| 959|0x00000000bbf00000, 0x00000000bbf00000, 0x00000000bc000000|  0%| F|  |TAMS 0x00000000bbf00000, 0x00000000bbf00000| Untracked 
| 960|0x00000000bc000000, 0x00000000bc000000, 0x00000000bc100000|  0%| F|  |TAMS 0x00000000bc000000, 0x00000000bc000000| Untracked 
| 961|0x00000000bc100000, 0x00000000bc100000, 0x00000000bc200000|  0%| F|  |TAMS 0x00000000bc100000, 0x00000000bc100000| Untracked 
| 962|0x00000000bc200000, 0x00000000bc200000, 0x00000000bc300000|  0%| F|  |TAMS 0x00000000bc200000, 0x00000000bc200000| Untracked 
| 963|0x00000000bc300000, 0x00000000bc300000, 0x00000000bc400000|  0%| F|  |TAMS 0x00000000bc300000, 0x00000000bc300000| Untracked 
| 964|0x00000000bc400000, 0x00000000bc400000, 0x00000000bc500000|  0%| F|  |TAMS 0x00000000bc400000, 0x00000000bc400000| Untracked 
| 965|0x00000000bc500000, 0x00000000bc500000, 0x00000000bc600000|  0%| F|  |TAMS 0x00000000bc500000, 0x00000000bc500000| Untracked 
| 966|0x00000000bc600000, 0x00000000bc600000, 0x00000000bc700000|  0%| F|  |TAMS 0x00000000bc600000, 0x00000000bc600000| Untracked 
| 967|0x00000000bc700000, 0x00000000bc700000, 0x00000000bc800000|  0%| F|  |TAMS 0x00000000bc700000, 0x00000000bc700000| Untracked 
| 968|0x00000000bc800000, 0x00000000bc800000, 0x00000000bc900000|  0%| F|  |TAMS 0x00000000bc800000, 0x00000000bc800000| Untracked 
| 969|0x00000000bc900000, 0x00000000bc900000, 0x00000000bca00000|  0%| F|  |TAMS 0x00000000bc900000, 0x00000000bc900000| Untracked 
| 970|0x00000000bca00000, 0x00000000bca00000, 0x00000000bcb00000|  0%| F|  |TAMS 0x00000000bca00000, 0x00000000bca00000| Untracked 
| 971|0x00000000bcb00000, 0x00000000bcb00000, 0x00000000bcc00000|  0%| F|  |TAMS 0x00000000bcb00000, 0x00000000bcb00000| Untracked 
| 972|0x00000000bcc00000, 0x00000000bcc00000, 0x00000000bcd00000|  0%| F|  |TAMS 0x00000000bcc00000, 0x00000000bcc00000| Untracked 
| 973|0x00000000bcd00000, 0x00000000bcd00000, 0x00000000bce00000|  0%| F|  |TAMS 0x00000000bcd00000, 0x00000000bcd00000| Untracked 
| 974|0x00000000bce00000, 0x00000000bce00000, 0x00000000bcf00000|  0%| F|  |TAMS 0x00000000bce00000, 0x00000000bce00000| Untracked 
| 975|0x00000000bcf00000, 0x00000000bcf00000, 0x00000000bd000000|  0%| F|  |TAMS 0x00000000bcf00000, 0x00000000bcf00000| Untracked 
| 976|0x00000000bd000000, 0x00000000bd085050, 0x00000000bd100000| 51%| E|  |TAMS 0x00000000bd000000, 0x00000000bd000000| Complete 
| 977|0x00000000bd100000, 0x00000000bd200000, 0x00000000bd200000|100%| E|CS|TAMS 0x00000000bd100000, 0x00000000bd100000| Complete 
| 978|0x00000000bd200000, 0x00000000bd300000, 0x00000000bd300000|100%| E|CS|TAMS 0x00000000bd200000, 0x00000000bd200000| Complete 
| 979|0x00000000bd300000, 0x00000000bd400000, 0x00000000bd400000|100%| E|CS|TAMS 0x00000000bd300000, 0x00000000bd300000| Complete 
| 980|0x00000000bd400000, 0x00000000bd500000, 0x00000000bd500000|100%| E|CS|TAMS 0x00000000bd400000, 0x00000000bd400000| Complete 
| 981|0x00000000bd500000, 0x00000000bd600000, 0x00000000bd600000|100%| E|CS|TAMS 0x00000000bd500000, 0x00000000bd500000| Complete 
| 982|0x00000000bd600000, 0x00000000bd700000, 0x00000000bd700000|100%| E|  |TAMS 0x00000000bd600000, 0x00000000bd600000| Complete 
| 983|0x00000000bd700000, 0x00000000bd800000, 0x00000000bd800000|100%| E|CS|TAMS 0x00000000bd700000, 0x00000000bd700000| Complete 
| 984|0x00000000bd800000, 0x00000000bd900000, 0x00000000bd900000|100%| E|CS|TAMS 0x00000000bd800000, 0x00000000bd800000| Complete 
| 985|0x00000000bd900000, 0x00000000bda00000, 0x00000000bda00000|100%| E|CS|TAMS 0x00000000bd900000, 0x00000000bd900000| Complete 
| 986|0x00000000bda00000, 0x00000000bdb00000, 0x00000000bdb00000|100%| E|CS|TAMS 0x00000000bda00000, 0x00000000bda00000| Complete 
| 987|0x00000000bdb00000, 0x00000000bdc00000, 0x00000000bdc00000|100%| E|CS|TAMS 0x00000000bdb00000, 0x00000000bdb00000| Complete 
| 988|0x00000000bdc00000, 0x00000000bdd00000, 0x00000000bdd00000|100%| E|CS|TAMS 0x00000000bdc00000, 0x00000000bdc00000| Complete 
| 989|0x00000000bdd00000, 0x00000000bde00000, 0x00000000bde00000|100%| E|CS|TAMS 0x00000000bdd00000, 0x00000000bdd00000| Complete 
| 990|0x00000000bde00000, 0x00000000bdf00000, 0x00000000bdf00000|100%| E|CS|TAMS 0x00000000bde00000, 0x00000000bde00000| Complete 
| 991|0x00000000bdf00000, 0x00000000be000000, 0x00000000be000000|100%| E|CS|TAMS 0x00000000bdf00000, 0x00000000bdf00000| Complete 
| 992|0x00000000be000000, 0x00000000be100000, 0x00000000be100000|100%| E|CS|TAMS 0x00000000be000000, 0x00000000be000000| Complete 
| 993|0x00000000be100000, 0x00000000be200000, 0x00000000be200000|100%| E|CS|TAMS 0x00000000be100000, 0x00000000be100000| Complete 
| 994|0x00000000be200000, 0x00000000be300000, 0x00000000be300000|100%| E|CS|TAMS 0x00000000be200000, 0x00000000be200000| Complete 
| 995|0x00000000be300000, 0x00000000be400000, 0x00000000be400000|100%| E|CS|TAMS 0x00000000be300000, 0x00000000be300000| Complete 
| 996|0x00000000be400000, 0x00000000be500000, 0x00000000be500000|100%| E|CS|TAMS 0x00000000be400000, 0x00000000be400000| Complete 
| 997|0x00000000be500000, 0x00000000be600000, 0x00000000be600000|100%| E|CS|TAMS 0x00000000be500000, 0x00000000be500000| Complete 
| 998|0x00000000be600000, 0x00000000be700000, 0x00000000be700000|100%| E|CS|TAMS 0x00000000be600000, 0x00000000be600000| Complete 
| 999|0x00000000be700000, 0x00000000be800000, 0x00000000be800000|100%| E|CS|TAMS 0x00000000be700000, 0x00000000be700000| Complete 
|1000|0x00000000be800000, 0x00000000be900000, 0x00000000be900000|100%| E|CS|TAMS 0x00000000be800000, 0x00000000be800000| Complete 
|1001|0x00000000be900000, 0x00000000bea00000, 0x00000000bea00000|100%| E|CS|TAMS 0x00000000be900000, 0x00000000be900000| Complete 
|1002|0x00000000bea00000, 0x00000000beb00000, 0x00000000beb00000|100%| E|CS|TAMS 0x00000000bea00000, 0x00000000bea00000| Complete 
|1003|0x00000000beb00000, 0x00000000bec00000, 0x00000000bec00000|100%| E|CS|TAMS 0x00000000beb00000, 0x00000000beb00000| Complete 
|1004|0x00000000bec00000, 0x00000000bed00000, 0x00000000bed00000|100%| E|CS|TAMS 0x00000000bec00000, 0x00000000bec00000| Complete 
|1005|0x00000000bed00000, 0x00000000bee00000, 0x00000000bee00000|100%| E|CS|TAMS 0x00000000bed00000, 0x00000000bed00000| Complete 
|1006|0x00000000bee00000, 0x00000000bef00000, 0x00000000bef00000|100%| E|CS|TAMS 0x00000000bee00000, 0x00000000bee00000| Complete 
|1007|0x00000000bef00000, 0x00000000bf000000, 0x00000000bf000000|100%| E|CS|TAMS 0x00000000bef00000, 0x00000000bef00000| Complete 
|1008|0x00000000bf000000, 0x00000000bf100000, 0x00000000bf100000|100%| E|CS|TAMS 0x00000000bf000000, 0x00000000bf000000| Complete 
|1009|0x00000000bf100000, 0x00000000bf200000, 0x00000000bf200000|100%| E|CS|TAMS 0x00000000bf100000, 0x00000000bf100000| Complete 
|1010|0x00000000bf200000, 0x00000000bf300000, 0x00000000bf300000|100%| E|CS|TAMS 0x00000000bf200000, 0x00000000bf200000| Complete 
|1011|0x00000000bf300000, 0x00000000bf400000, 0x00000000bf400000|100%| E|CS|TAMS 0x00000000bf300000, 0x00000000bf300000| Complete 
|1012|0x00000000bf400000, 0x00000000bf500000, 0x00000000bf500000|100%| E|CS|TAMS 0x00000000bf400000, 0x00000000bf400000| Complete 
|1013|0x00000000bf500000, 0x00000000bf600000, 0x00000000bf600000|100%| E|CS|TAMS 0x00000000bf500000, 0x00000000bf500000| Complete 
|1014|0x00000000bf600000, 0x00000000bf700000, 0x00000000bf700000|100%| E|CS|TAMS 0x00000000bf600000, 0x00000000bf600000| Complete 
|1015|0x00000000bf700000, 0x00000000bf800000, 0x00000000bf800000|100%| E|CS|TAMS 0x00000000bf700000, 0x00000000bf700000| Complete 
|1016|0x00000000bf800000, 0x00000000bf900000, 0x00000000bf900000|100%| E|CS|TAMS 0x00000000bf800000, 0x00000000bf800000| Complete 
|1017|0x00000000bf900000, 0x00000000bfa00000, 0x00000000bfa00000|100%| E|CS|TAMS 0x00000000bf900000, 0x00000000bf900000| Complete 
|1018|0x00000000bfa00000, 0x00000000bfb00000, 0x00000000bfb00000|100%| E|CS|TAMS 0x00000000bfa00000, 0x00000000bfa00000| Complete 
|1019|0x00000000bfb00000, 0x00000000bfc00000, 0x00000000bfc00000|100%| E|CS|TAMS 0x00000000bfb00000, 0x00000000bfb00000| Complete 
|1020|0x00000000bfc00000, 0x00000000bfd00000, 0x00000000bfd00000|100%| E|CS|TAMS 0x00000000bfc00000, 0x00000000bfc00000| Complete 
|1021|0x00000000bfd00000, 0x00000000bfe00000, 0x00000000bfe00000|100%| E|CS|TAMS 0x00000000bfd00000, 0x00000000bfd00000| Complete 
|1022|0x00000000bfe00000, 0x00000000bff00000, 0x00000000bff00000|100%| E|CS|TAMS 0x00000000bfe00000, 0x00000000bfe00000| Complete 
|1023|0x00000000bff00000, 0x00000000c0000000, 0x00000000c0000000|100%| E|CS|TAMS 0x00000000bff00000, 0x00000000bff00000| Complete 
|1024|0x00000000c0000000, 0x00000000c0100000, 0x00000000c0100000|100%| E|CS|TAMS 0x00000000c0000000, 0x00000000c0000000| Complete 
|1025|0x00000000c0100000, 0x00000000c0200000, 0x00000000c0200000|100%| E|CS|TAMS 0x00000000c0100000, 0x00000000c0100000| Complete 
|1026|0x00000000c0200000, 0x00000000c0300000, 0x00000000c0300000|100%| E|CS|TAMS 0x00000000c0200000, 0x00000000c0200000| Complete 
|1027|0x00000000c0300000, 0x00000000c0400000, 0x00000000c0400000|100%| E|CS|TAMS 0x00000000c0300000, 0x00000000c0300000| Complete 
|1028|0x00000000c0400000, 0x00000000c0500000, 0x00000000c0500000|100%| E|CS|TAMS 0x00000000c0400000, 0x00000000c0400000| Complete 
|1029|0x00000000c0500000, 0x00000000c0600000, 0x00000000c0600000|100%| E|CS|TAMS 0x00000000c0500000, 0x00000000c0500000| Complete 
|1030|0x00000000c0600000, 0x00000000c0700000, 0x00000000c0700000|100%| E|CS|TAMS 0x00000000c0600000, 0x00000000c0600000| Complete 
|1031|0x00000000c0700000, 0x00000000c0800000, 0x00000000c0800000|100%| E|CS|TAMS 0x00000000c0700000, 0x00000000c0700000| Complete 
|1032|0x00000000c0800000, 0x00000000c0900000, 0x00000000c0900000|100%| E|CS|TAMS 0x00000000c0800000, 0x00000000c0800000| Complete 
|1033|0x00000000c0900000, 0x00000000c0a00000, 0x00000000c0a00000|100%| E|CS|TAMS 0x00000000c0900000, 0x00000000c0900000| Complete 
|1034|0x00000000c0a00000, 0x00000000c0b00000, 0x00000000c0b00000|100%| E|CS|TAMS 0x00000000c0a00000, 0x00000000c0a00000| Complete 
|1035|0x00000000c0b00000, 0x00000000c0c00000, 0x00000000c0c00000|100%| E|CS|TAMS 0x00000000c0b00000, 0x00000000c0b00000| Complete 
|1036|0x00000000c0c00000, 0x00000000c0d00000, 0x00000000c0d00000|100%| E|CS|TAMS 0x00000000c0c00000, 0x00000000c0c00000| Complete 
|1037|0x00000000c0d00000, 0x00000000c0e00000, 0x00000000c0e00000|100%| E|CS|TAMS 0x00000000c0d00000, 0x00000000c0d00000| Complete 
|1038|0x00000000c0e00000, 0x00000000c0f00000, 0x00000000c0f00000|100%| E|CS|TAMS 0x00000000c0e00000, 0x00000000c0e00000| Complete 
|1039|0x00000000c0f00000, 0x00000000c1000000, 0x00000000c1000000|100%| E|CS|TAMS 0x00000000c0f00000, 0x00000000c0f00000| Complete 
|1040|0x00000000c1000000, 0x00000000c1100000, 0x00000000c1100000|100%| E|CS|TAMS 0x00000000c1000000, 0x00000000c1000000| Complete 
|1041|0x00000000c1100000, 0x00000000c1200000, 0x00000000c1200000|100%| E|CS|TAMS 0x00000000c1100000, 0x00000000c1100000| Complete 
|1042|0x00000000c1200000, 0x00000000c1300000, 0x00000000c1300000|100%| E|CS|TAMS 0x00000000c1200000, 0x00000000c1200000| Complete 
|1043|0x00000000c1300000, 0x00000000c1400000, 0x00000000c1400000|100%| E|CS|TAMS 0x00000000c1300000, 0x00000000c1300000| Complete 
|1044|0x00000000c1400000, 0x00000000c1500000, 0x00000000c1500000|100%| E|CS|TAMS 0x00000000c1400000, 0x00000000c1400000| Complete 
|1045|0x00000000c1500000, 0x00000000c1600000, 0x00000000c1600000|100%| E|CS|TAMS 0x00000000c1500000, 0x00000000c1500000| Complete 
|1046|0x00000000c1600000, 0x00000000c1700000, 0x00000000c1700000|100%| E|CS|TAMS 0x00000000c1600000, 0x00000000c1600000| Complete 
|1047|0x00000000c1700000, 0x00000000c1800000, 0x00000000c1800000|100%| E|CS|TAMS 0x00000000c1700000, 0x00000000c1700000| Complete 
|1048|0x00000000c1800000, 0x00000000c1900000, 0x00000000c1900000|100%| E|CS|TAMS 0x00000000c1800000, 0x00000000c1800000| Complete 
|1049|0x00000000c1900000, 0x00000000c1a00000, 0x00000000c1a00000|100%| E|CS|TAMS 0x00000000c1900000, 0x00000000c1900000| Complete 
|1050|0x00000000c1a00000, 0x00000000c1b00000, 0x00000000c1b00000|100%| E|CS|TAMS 0x00000000c1a00000, 0x00000000c1a00000| Complete 
|1051|0x00000000c1b00000, 0x00000000c1c00000, 0x00000000c1c00000|100%| E|CS|TAMS 0x00000000c1b00000, 0x00000000c1b00000| Complete 
|1052|0x00000000c1c00000, 0x00000000c1d00000, 0x00000000c1d00000|100%| E|CS|TAMS 0x00000000c1c00000, 0x00000000c1c00000| Complete 
|1053|0x00000000c1d00000, 0x00000000c1e00000, 0x00000000c1e00000|100%| E|CS|TAMS 0x00000000c1d00000, 0x00000000c1d00000| Complete 
|1054|0x00000000c1e00000, 0x00000000c1f00000, 0x00000000c1f00000|100%| E|CS|TAMS 0x00000000c1e00000, 0x00000000c1e00000| Complete 
|1055|0x00000000c1f00000, 0x00000000c2000000, 0x00000000c2000000|100%| E|CS|TAMS 0x00000000c1f00000, 0x00000000c1f00000| Complete 
|1056|0x00000000c2000000, 0x00000000c2100000, 0x00000000c2100000|100%| E|CS|TAMS 0x00000000c2000000, 0x00000000c2000000| Complete 
|1057|0x00000000c2100000, 0x00000000c2200000, 0x00000000c2200000|100%| E|CS|TAMS 0x00000000c2100000, 0x00000000c2100000| Complete 
|1058|0x00000000c2200000, 0x00000000c2300000, 0x00000000c2300000|100%| E|CS|TAMS 0x00000000c2200000, 0x00000000c2200000| Complete 
|1059|0x00000000c2300000, 0x00000000c2400000, 0x00000000c2400000|100%| E|CS|TAMS 0x00000000c2300000, 0x00000000c2300000| Complete 
|1060|0x00000000c2400000, 0x00000000c2500000, 0x00000000c2500000|100%| E|CS|TAMS 0x00000000c2400000, 0x00000000c2400000| Complete 
|1061|0x00000000c2500000, 0x00000000c2600000, 0x00000000c2600000|100%| E|CS|TAMS 0x00000000c2500000, 0x00000000c2500000| Complete 
|1062|0x00000000c2600000, 0x00000000c2700000, 0x00000000c2700000|100%| E|CS|TAMS 0x00000000c2600000, 0x00000000c2600000| Complete 
|1063|0x00000000c2700000, 0x00000000c2800000, 0x00000000c2800000|100%| E|CS|TAMS 0x00000000c2700000, 0x00000000c2700000| Complete 
|1064|0x00000000c2800000, 0x00000000c2900000, 0x00000000c2900000|100%| E|CS|TAMS 0x00000000c2800000, 0x00000000c2800000| Complete 

Card table byte_map: [0x0000022fe5be0000,0x0000022fe5fe0000] _byte_map_base: 0x0000022fe57e0000

Marking Bits (Prev, Next): (CMBitMap*) 0x0000022fce4298a0, (CMBitMap*) 0x0000022fce429860
 Prev Bits: [0x0000022fe83e0000, 0x0000022fea3e0000)
 Next Bits: [0x0000022fe63e0000, 0x0000022fe83e0000)

Polling page: 0x0000022fcc460000

Metaspace:

Usage:
  Non-class:    224.18 MB used.
      Class:     33.05 MB used.
       Both:    257.23 MB used.

Virtual space:
  Non-class space:      256.00 MB reserved,     225.44 MB ( 88%) committed,  4 nodes.
      Class space:      416.00 MB reserved,      34.12 MB (  8%) committed,  1 nodes.
             Both:      672.00 MB reserved,     259.56 MB ( 39%) committed. 

Chunk freelists:
   Non-Class:  14.47 MB
       Class:  13.78 MB
        Both:  28.25 MB

MaxMetaspaceSize: 512.00 MB
CompressedClassSpaceSize: 416.00 MB
Initial GC threshold: 21.00 MB
Current GC threshold: 431.88 MB
CDS: on
MetaspaceReclaimPolicy: balanced
 - commit_granule_bytes: 65536.
 - commit_granule_words: 8192.
 - virtual_space_node_default_size: 8388608.
 - enlarge_chunks_in_place: 1.
 - new_chunks_are_fully_committed: 0.
 - uncommit_free_chunks: 1.
 - use_allocation_guard: 0.
 - handle_deallocations: 1.


Internal statistics:

num_allocs_failed_limit: 12.
num_arena_births: 3562.
num_arena_deaths: 86.
num_vsnodes_births: 5.
num_vsnodes_deaths: 0.
num_space_committed: 4152.
num_space_uncommitted: 3.
num_chunks_returned_to_freelist: 189.
num_chunks_taken_from_freelist: 15864.
num_chunk_merges: 64.
num_chunk_splits: 10183.
num_chunks_enlarged: 6369.
num_inconsistent_stats: 0.

CodeHeap 'non-profiled nmethods': size=119168Kb used=23288Kb max_used=23324Kb free=95879Kb
 bounds [0x0000022fddb00000, 0x0000022fdf1e0000, 0x0000022fe4f60000]
CodeHeap 'profiled nmethods': size=119104Kb used=82592Kb max_used=82632Kb free=36511Kb
 bounds [0x0000022fd5f60000, 0x0000022fdb020000, 0x0000022fdd3b0000]
CodeHeap 'non-nmethods': size=7488Kb used=4462Kb max_used=4527Kb free=3025Kb
 bounds [0x0000022fdd3b0000, 0x0000022fdd830000, 0x0000022fddb00000]
 total_blobs=39701 nmethods=38348 adapters=1258
 compilation: enabled
              stopped_count=0, restarted_count=0
 full_count=0

Compilation events (20 events):
Event: 86.027 Thread 0x0000022ff9cb5270 nmethod 49572 0x0000022fdb011990 code [0x0000022fdb011ba0, 0x0000022fdb012138]
Event: 86.027 Thread 0x0000022ff9cb67b0 nmethod 49571 0x0000022fdb012410 code [0x0000022fdb012740, 0x0000022fdb013c48]
Event: 86.027 Thread 0x0000022ff9cb5270 49575       2       java.lang.ref.FinalReference::get (5 bytes)
Event: 86.027 Thread 0x0000022ff9cb67b0 49576       2       java.lang.ref.Reference::getFromInactiveFinalReference (47 bytes)
Event: 86.029 Thread 0x0000022fec7cb570 nmethod 49574 0x0000022fd96a5310 code [0x0000022fd96a5500, 0x0000022fd96a5a88]
Event: 86.029 Thread 0x0000022fec7cb570 49577       2       java.lang.System$2::invokeFinalize (5 bytes)
Event: 86.030 Thread 0x0000022fec7cb570 nmethod 49577 0x0000022fd9790a10 code [0x0000022fd9790bc0, 0x0000022fd9790ce8]
Event: 86.030 Thread 0x0000022ff9cb67b0 nmethod 49576 0x0000022fd95efb10 code [0x0000022fd95efca0, 0x0000022fd95efdb8]
Event: 86.030 Thread 0x0000022fec7cb570 49578       2       java.lang.ref.FinalReference::clear (5 bytes)
Event: 86.030 Thread 0x0000022ff9cb67b0 49579       2       java.lang.ref.Reference::clearInactiveFinalReference (48 bytes)
Event: 86.031 Thread 0x0000022ff9cb37e0 nmethod 49570 0x0000022fdb014310 code [0x0000022fdb014a00, 0x0000022fdb016e18]
Event: 86.031 Thread 0x0000022ff9cb67b0 nmethod 49579 0x0000022fd933ec10 code [0x0000022fd933eda0, 0x0000022fd933eed8]
Event: 86.031 Thread 0x0000022fec7cb570 nmethod 49578 0x0000022fd96edf10 code [0x0000022fd96ee0c0, 0x0000022fd96ee1e8]
Event: 86.031 Thread 0x0000022ff9cb5270 nmethod 49575 0x0000022fd9807410 code [0x0000022fd98075c0, 0x0000022fd98076e8]
Event: 86.033 Thread 0x0000022ff9cb67b0 49580       1       org.jetbrains.kotlin.fir.resolve.dfa.cfg.ControlFlowGraphBuilder$PostponedLambdas::getExits (5 bytes)
Event: 86.034 Thread 0x0000022ff9cb67b0 nmethod 49580 0x0000022fde119310 code [0x0000022fde1194a0, 0x0000022fde119578]
Event: 86.035 Thread 0x0000022fec7cb570 49581       2       org.jetbrains.kotlin.analysis.low.level.api.fir.file.builder.ModuleFileCacheImpl::getContainerFirFile (57 bytes)
Event: 86.035 Thread 0x0000022ff9cb67b0 49582       2       org.jetbrains.kotlin.analysis.low.level.api.fir.file.builder.ModuleFileCacheImpl::getCachedFirFile (20 bytes)
Event: 86.091 Thread 0x0000022ff9cb67b0 nmethod 49582 0x0000022fd9798a90 code [0x0000022fd9798c80, 0x0000022fd9798fa8]
Event: 86.091 Thread 0x0000022fec7cb570 nmethod 49581 0x0000022fd96a4690 code [0x0000022fd96a4900, 0x0000022fd96a4f08]

GC Heap History (20 events):
Event: 81.369 GC heap before
{Heap before GC invocations=98 (full 0):
 garbage-first heap   total 892928K, used 697077K [0x0000000080000000, 0x0000000100000000)
  region size 1024K, 361 young (369664K), 22 survivors (22528K)
 Metaspace       used 233857K, committed 236160K, reserved 688128K
  class space    used 30347K, committed 31424K, reserved 425984K
}
Event: 81.380 GC heap after
{Heap after GC invocations=99 (full 0):
 garbage-first heap   total 892928K, used 361205K [0x0000000080000000, 0x0000000100000000)
  region size 1024K, 32 young (32768K), 32 survivors (32768K)
 Metaspace       used 233857K, committed 236160K, reserved 688128K
  class space    used 30347K, committed 31424K, reserved 425984K
}
Event: 82.225 GC heap before
{Heap before GC invocations=100 (full 0):
 garbage-first heap   total 892928K, used 747253K [0x0000000080000000, 0x0000000100000000)
  region size 1024K, 404 young (413696K), 32 survivors (32768K)
 Metaspace       used 243692K, committed 246016K, reserved 688128K
  class space    used 31613K, committed 32704K, reserved 425984K
}
Event: 82.242 GC heap after
{Heap after GC invocations=101 (full 0):
 garbage-first heap   total 892928K, used 376326K [0x0000000080000000, 0x0000000100000000)
  region size 1024K, 35 young (35840K), 35 survivors (35840K)
 Metaspace       used 243692K, committed 246016K, reserved 688128K
  class space    used 31613K, committed 32704K, reserved 425984K
}
Event: 82.255 GC heap before
{Heap before GC invocations=101 (full 0):
 garbage-first heap   total 892928K, used 384518K [0x0000000080000000, 0x0000000100000000)
  region size 1024K, 43 young (44032K), 35 survivors (35840K)
 Metaspace       used 243912K, committed 246208K, reserved 688128K
  class space    used 31644K, committed 32704K, reserved 425984K
}
Event: 82.274 GC heap after
{Heap after GC invocations=102 (full 0):
 garbage-first heap   total 892928K, used 367976K [0x0000000080000000, 0x0000000100000000)
  region size 1024K, 5 young (5120K), 5 survivors (5120K)
 Metaspace       used 243912K, committed 246208K, reserved 688128K
  class space    used 31644K, committed 32704K, reserved 425984K
}
Event: 82.888 GC heap before
{Heap before GC invocations=102 (full 0):
 garbage-first heap   total 892928K, used 748904K [0x0000000080000000, 0x0000000100000000)
  region size 1024K, 375 young (384000K), 5 survivors (5120K)
 Metaspace       used 249850K, committed 252160K, reserved 688128K
  class space    used 32345K, committed 33408K, reserved 425984K
}
Event: 82.900 GC heap after
{Heap after GC invocations=103 (full 0):
 garbage-first heap   total 892928K, used 397957K [0x0000000080000000, 0x0000000100000000)
  region size 1024K, 32 young (32768K), 32 survivors (32768K)
 Metaspace       used 249850K, committed 252160K, reserved 688128K
  class space    used 32345K, committed 33408K, reserved 425984K
}
Event: 83.096 GC heap before
{Heap before GC invocations=103 (full 0):
 garbage-first heap   total 892928K, used 520837K [0x0000000080000000, 0x0000000100000000)
  region size 1024K, 154 young (157696K), 32 survivors (32768K)
 Metaspace       used 251234K, committed 253504K, reserved 688128K
  class space    used 32523K, committed 33600K, reserved 425984K
}
Event: 83.110 GC heap after
{Heap after GC invocations=104 (full 0):
 garbage-first heap   total 892928K, used 405526K [0x0000000080000000, 0x0000000100000000)
  region size 1024K, 8 young (8192K), 8 survivors (8192K)
 Metaspace       used 251234K, committed 253504K, reserved 688128K
  class space    used 32523K, committed 33600K, reserved 425984K
}
Event: 83.695 GC heap before
{Heap before GC invocations=105 (full 0):
 garbage-first heap   total 931840K, used 746518K [0x0000000080000000, 0x0000000100000000)
  region size 1024K, 340 young (348160K), 8 survivors (8192K)
 Metaspace       used 254591K, committed 256896K, reserved 688128K
  class space    used 32980K, committed 34048K, reserved 425984K
}
Event: 83.707 GC heap after
{Heap after GC invocations=106 (full 0):
 garbage-first heap   total 931840K, used 421344K [0x0000000080000000, 0x0000000100000000)
  region size 1024K, 24 young (24576K), 24 survivors (24576K)
 Metaspace       used 254591K, committed 256896K, reserved 688128K
  class space    used 32980K, committed 34048K, reserved 425984K
}
Event: 83.738 GC heap before
{Heap before GC invocations=106 (full 0):
 garbage-first heap   total 931840K, used 441824K [0x0000000080000000, 0x0000000100000000)
  region size 1024K, 45 young (46080K), 24 survivors (24576K)
 Metaspace       used 254764K, committed 257088K, reserved 688128K
  class space    used 33007K, committed 34112K, reserved 425984K
}
Event: 83.755 GC heap after
{Heap after GC invocations=107 (full 0):
 garbage-first heap   total 931840K, used 414792K [0x0000000080000000, 0x0000000100000000)
  region size 1024K, 5 young (5120K), 5 survivors (5120K)
 Metaspace       used 254764K, committed 257088K, reserved 688128K
  class space    used 33007K, committed 34112K, reserved 425984K
}
Event: 84.329 GC heap before
{Heap before GC invocations=107 (full 0):
 garbage-first heap   total 931840K, used 780360K [0x0000000080000000, 0x0000000100000000)
  region size 1024K, 360 young (368640K), 5 survivors (5120K)
 Metaspace       used 256188K, committed 258496K, reserved 688128K
  class space    used 33154K, committed 34240K, reserved 425984K
}
Event: 84.344 GC heap after
{Heap after GC invocations=108 (full 0):
 garbage-first heap   total 931840K, used 437769K [0x0000000080000000, 0x0000000100000000)
  region size 1024K, 26 young (26624K), 26 survivors (26624K)
 Metaspace       used 256188K, committed 258496K, reserved 688128K
  class space    used 33154K, committed 34240K, reserved 425984K
}
Event: 85.205 GC heap before
{Heap before GC invocations=108 (full 0):
 garbage-first heap   total 931840K, used 774665K [0x0000000080000000, 0x0000000100000000)
  region size 1024K, 356 young (364544K), 26 survivors (26624K)
 Metaspace       used 258569K, committed 260928K, reserved 688128K
  class space    used 33307K, committed 34368K, reserved 425984K
}
Event: 85.223 GC heap after
{Heap after GC invocations=109 (full 0):
 garbage-first heap   total 931840K, used 471910K [0x0000000080000000, 0x0000000100000000)
  region size 1024K, 34 young (34816K), 34 survivors (34816K)
 Metaspace       used 258569K, committed 260928K, reserved 688128K
  class space    used 33307K, committed 34368K, reserved 425984K
}
Event: 85.700 GC heap before
{Heap before GC invocations=109 (full 0):
 garbage-first heap   total 931840K, used 770918K [0x0000000080000000, 0x0000000100000000)
  region size 1024K, 327 young (334848K), 34 survivors (34816K)
 Metaspace       used 261264K, committed 263680K, reserved 688128K
  class space    used 33572K, committed 34688K, reserved 425984K
}
Event: 85.714 GC heap after
{Heap after GC invocations=110 (full 0):
 garbage-first heap   total 931840K, used 487428K [0x0000000080000000, 0x0000000100000000)
  region size 1024K, 16 young (16384K), 16 survivors (16384K)
 Metaspace       used 261264K, committed 263680K, reserved 688128K
  class space    used 33572K, committed 34688K, reserved 425984K
}

Dll operation events (17 events):
Event: 0.009 Loaded shared library C:\Program Files\Microsoft\jdk-17.0.20.101-hotspot\bin\java.dll
Event: 0.023 Loaded shared library C:\Program Files\Microsoft\jdk-17.0.20.101-hotspot\bin\jsvml.dll
Event: 0.058 Loaded shared library C:\Program Files\Microsoft\jdk-17.0.20.101-hotspot\bin\zip.dll
Event: 0.062 Loaded shared library C:\Program Files\Microsoft\jdk-17.0.20.101-hotspot\bin\instrument.dll
Event: 0.065 Loaded shared library C:\Program Files\Microsoft\jdk-17.0.20.101-hotspot\bin\net.dll
Event: 0.066 Loaded shared library C:\Program Files\Microsoft\jdk-17.0.20.101-hotspot\bin\nio.dll
Event: 0.068 Loaded shared library C:\Program Files\Microsoft\jdk-17.0.20.101-hotspot\bin\zip.dll
Event: 0.304 Loaded shared library C:\Program Files\Microsoft\jdk-17.0.20.101-hotspot\bin\jimage.dll
Event: 0.451 Loaded shared library C:\Program Files\Microsoft\jdk-17.0.20.101-hotspot\bin\verify.dll
Event: 0.553 Loaded shared library C:\Users\aadit\.gradle\native\1def1411415f61bf3af743bc5b6707747c0891f09f0c88961ee8f79bc544acac\windows-amd64\native-platform.dll
Event: 0.568 Loaded shared library C:\Users\aadit\.gradle\native\0.2.7\x86_64-windows-gnu\gradle-fileevents.dll
Event: 1.527 Loaded shared library C:\Program Files\Microsoft\jdk-17.0.20.101-hotspot\bin\management.dll
Event: 1.529 Loaded shared library C:\Program Files\Microsoft\jdk-17.0.20.101-hotspot\bin\management_ext.dll
Event: 1.755 Loaded shared library C:\Program Files\Microsoft\jdk-17.0.20.101-hotspot\bin\extnet.dll
Event: 1.940 Loaded shared library C:\Program Files\Microsoft\jdk-17.0.20.101-hotspot\bin\sunmscapi.dll
Event: 30.075 Loaded shared library C:\Program Files\Microsoft\jdk-17.0.20.101-hotspot\bin\rmi.dll
Event: 74.884 Loaded shared library C:\Program Files\Microsoft\jdk-17.0.20.101-hotspot\bin\awt.dll

Deoptimization events (20 events):
Event: 85.842 Thread 0x0000022ff83531b0 DEOPT PACKING pc=0x0000022fde5a9a88 sp=0x0000007defffc490
Event: 85.842 Thread 0x0000022ff83531b0 DEOPT UNPACKING pc=0x0000022fdd4069a3 sp=0x0000007defffc420 mode 2
Event: 85.843 Thread 0x0000022ff83531b0 DEOPT PACKING pc=0x0000022fd7330f2e sp=0x0000007defffb9c0
Event: 85.843 Thread 0x0000022ff83531b0 DEOPT UNPACKING pc=0x0000022fdd407143 sp=0x0000007defffaea8 mode 0
Event: 85.972 Thread 0x0000022ff83531b0 Uncommon trap: trap_request=0xffffff45 fr.pc=0x0000022fddd540d8 relative=0x0000000000000138
Event: 85.972 Thread 0x0000022ff83531b0 Uncommon trap: reason=unstable_if action=reinterpret pc=0x0000022fddd540d8 method=jdk.internal.jrtfs.JrtPath.normalize(Ljava/lang/String;)Ljava/lang/String; @ 78 c2
Event: 85.972 Thread 0x0000022ff83531b0 DEOPT PACKING pc=0x0000022fddd540d8 sp=0x0000007defffb310
Event: 85.972 Thread 0x0000022ff83531b0 DEOPT UNPACKING pc=0x0000022fdd4069a3 sp=0x0000007defffb290 mode 2
Event: 85.975 Thread 0x0000022ff83531b0 DEOPT PACKING pc=0x0000022fd933fc28 sp=0x0000007defffb090
Event: 85.975 Thread 0x0000022ff83531b0 DEOPT UNPACKING pc=0x0000022fdd407143 sp=0x0000007defffa5a0 mode 0
Event: 86.029 Thread 0x0000022ff83531b0 DEOPT PACKING pc=0x0000022fd933fc28 sp=0x0000007defffb090
Event: 86.029 Thread 0x0000022ff83531b0 DEOPT UNPACKING pc=0x0000022fdd407143 sp=0x0000007defffa5a0 mode 0
Event: 86.032 Thread 0x0000022ff83531b0 DEOPT PACKING pc=0x0000022fd933fc28 sp=0x0000007defffb090
Event: 86.032 Thread 0x0000022ff83531b0 DEOPT UNPACKING pc=0x0000022fdd407143 sp=0x0000007defffa5a0 mode 0
Event: 86.033 Thread 0x0000022ff83531b0 DEOPT PACKING pc=0x0000022fd933fc28 sp=0x0000007defffb090
Event: 86.033 Thread 0x0000022ff83531b0 DEOPT UNPACKING pc=0x0000022fdd407143 sp=0x0000007defffa5a0 mode 0
Event: 86.035 Thread 0x0000022ff83531b0 DEOPT PACKING pc=0x0000022fd933fc28 sp=0x0000007defffb090
Event: 86.035 Thread 0x0000022ff83531b0 DEOPT UNPACKING pc=0x0000022fdd407143 sp=0x0000007defffa5a0 mode 0
Event: 86.036 Thread 0x0000022ff83531b0 DEOPT PACKING pc=0x0000022fd933fc28 sp=0x0000007defffb090
Event: 86.036 Thread 0x0000022ff83531b0 DEOPT UNPACKING pc=0x0000022fdd407143 sp=0x0000007defffa5a0 mode 0

Classes loaded (20 events):
Event: 79.276 Loading class java/io/PushbackInputStream
Event: 79.277 Loading class java/io/PushbackInputStream done
Event: 79.805 Loading class java/util/concurrent/Executors$PrivilegedThreadFactory
Event: 79.807 Loading class java/util/concurrent/Executors$PrivilegedThreadFactory done
Event: 79.810 Loading class java/util/concurrent/DelayQueue
Event: 79.815 Loading class java/util/concurrent/DelayQueue done
Event: 79.873 Loading class java/util/concurrent/Executors$PrivilegedThreadFactory$1
Event: 79.873 Loading class java/util/concurrent/Executors$PrivilegedThreadFactory$1 done
Event: 79.879 Loading class java/util/concurrent/Executors$PrivilegedThreadFactory$1$1
Event: 79.884 Loading class java/util/concurrent/Executors$PrivilegedThreadFactory$1$1 done
Event: 79.900 Loading class sun/management/NotificationEmitterSupport$ListenerInfo
Event: 79.900 Loading class sun/management/NotificationEmitterSupport$ListenerInfo done
Event: 85.841 Loading class java/lang/EnumBeanInfo
Event: 85.841 Loading class java/lang/EnumBeanInfo done
Event: 85.841 Loading class java/lang/EnumBeanInfo
Event: 85.841 Loading class java/lang/EnumBeanInfo done
Event: 85.841 Loading class java/lang/EnumCustomizer
Event: 85.841 Loading class java/lang/EnumCustomizer done
Event: 85.841 Loading class java/lang/EnumCustomizer
Event: 85.841 Loading class java/lang/EnumCustomizer done

Classes unloaded (20 events):
Event: 85.977 Thread 0x0000022fec7901d0 Unloading class 0x0000022f82fcaff8 'jdk/internal/jimage/ImageHeader'
Event: 85.977 Thread 0x0000022fec7901d0 Unloading class 0x0000022f82fcadc8 'jdk/internal/jimage/BasicImageReader$2'
Event: 85.977 Thread 0x0000022fec7901d0 Unloading class 0x0000022f82fcab98 'jdk/internal/jimage/BasicImageReader$1'
Event: 85.977 Thread 0x0000022fec7901d0 Unloading class 0x0000022f82fca930 'jdk/internal/jimage/ImageReader$Resource'
Event: 85.977 Thread 0x0000022fec7901d0 Unloading class 0x0000022f82fca6c8 'jdk/internal/jimage/ImageReader$LinkNode'
Event: 85.977 Thread 0x0000022fec7901d0 Unloading class 0x0000022f82fca460 'jdk/internal/jimage/ImageReader$Directory'
Event: 85.977 Thread 0x0000022fec7901d0 Unloading class 0x0000022f82fca1f8 'jdk/internal/jimage/ImageReader$Node'
Event: 85.977 Thread 0x0000022fec7901d0 Unloading class 0x0000022f82fca000 'jdk/internal/jimage/ImageStrings'
Event: 85.977 Thread 0x0000022fec7901d0 Unloading class 0x0000022f82fc9b50 'jdk/internal/jimage/ImageReader$SharedImageReader'
Event: 85.977 Thread 0x0000022fec7901d0 Unloading class 0x0000022f82fc9890 'jdk/internal/jimage/BasicImageReader'
Event: 85.977 Thread 0x0000022fec7901d0 Unloading class 0x0000022f82fc9670 'jdk/internal/jimage/ImageReader'
Event: 85.977 Thread 0x0000022fec7901d0 Unloading class 0x0000022f82fc9448 'jdk/internal/jrtfs/SystemImage$2'
Event: 85.977 Thread 0x0000022fec7901d0 Unloading class 0x0000022f82fc9230 'jdk/internal/jrtfs/SystemImage$$Lambda$5780+0x0000022f82fc9230'
Event: 85.977 Thread 0x0000022fec7901d0 Unloading class 0x0000022f82fc9000 'jdk/internal/jrtfs/ExplodedImage'
Event: 85.977 Thread 0x0000022fec7901d0 Unloading class 0x0000022f82fc8dc8 'jdk/internal/jrtfs/SystemImage$1'
Event: 85.977 Thread 0x0000022fec7901d0 Unloading class 0x0000022f82fc8bb0 'jdk/internal/jrtfs/SystemImage'
Event: 85.977 Thread 0x0000022fec7901d0 Unloading class 0x0000022f82fc8950 'jdk/internal/jrtfs/JrtFileStore'
Event: 85.977 Thread 0x0000022fec7901d0 Unloading class 0x0000022f82fc85d8 'jdk/internal/jrtfs/JrtPath'
Event: 85.977 Thread 0x0000022fec7901d0 Unloading class 0x0000022f82fc82e0 'jdk/internal/jrtfs/JrtFileSystem'
Event: 85.977 Thread 0x0000022fec7901d0 Unloading class 0x0000022f82fc8000 'jdk/internal/jrtfs/JrtFileSystemProvider'

Classes redefined (0 events):
No events

Internal exceptions (20 events):
Event: 85.954 Thread 0x0000022ffac984a0 Exception <a 'sun/nio/fs/WindowsException'{0x00000000b0179e98}> (0x00000000b0179e98) 
thrown [s\src\hotspot\share\prims\jni.cpp, line 516]
Event: 85.956 Thread 0x0000022ffac984a0 Exception <a 'sun/nio/fs/WindowsException'{0x00000000af982bf8}> (0x00000000af982bf8) 
thrown [s\src\hotspot\share\prims\jni.cpp, line 516]
Event: 85.957 Thread 0x0000022ffac984a0 Exception <a 'sun/nio/fs/WindowsException'{0x00000000af9ca298}> (0x00000000af9ca298) 
thrown [s\src\hotspot\share\prims\jni.cpp, line 516]
Event: 85.959 Thread 0x0000022ffac984a0 Exception <a 'sun/nio/fs/WindowsException'{0x00000000af9d4048}> (0x00000000af9d4048) 
thrown [s\src\hotspot\share\prims\jni.cpp, line 516]
Event: 85.960 Thread 0x0000022ffac984a0 Exception <a 'sun/nio/fs/WindowsException'{0x00000000af9db450}> (0x00000000af9db450) 
thrown [s\src\hotspot\share\prims\jni.cpp, line 516]
Event: 85.962 Thread 0x0000022ffac984a0 Exception <a 'sun/nio/fs/WindowsException'{0x00000000af9e2a70}> (0x00000000af9e2a70) 
thrown [s\src\hotspot\share\prims\jni.cpp, line 516]
Event: 85.963 Thread 0x0000022ffac984a0 Exception <a 'sun/nio/fs/WindowsException'{0x00000000af9e8c20}> (0x00000000af9e8c20) 
thrown [s\src\hotspot\share\prims\jni.cpp, line 516]
Event: 85.965 Thread 0x0000022ffac984a0 Exception <a 'sun/nio/fs/WindowsException'{0x00000000af9f1f68}> (0x00000000af9f1f68) 
thrown [s\src\hotspot\share\prims\jni.cpp, line 516]
Event: 85.966 Thread 0x0000022ffac984a0 Exception <a 'sun/nio/fs/WindowsException'{0x00000000af9f9458}> (0x00000000af9f9458) 
thrown [s\src\hotspot\share\prims\jni.cpp, line 516]
Event: 85.968 Thread 0x0000022ffac984a0 Exception <a 'sun/nio/fs/WindowsException'{0x00000000af0c0cb0}> (0x00000000af0c0cb0) 
thrown [s\src\hotspot\share\prims\jni.cpp, line 516]
Event: 85.970 Thread 0x0000022ffac984a0 Exception <a 'sun/nio/fs/WindowsException'{0x00000000af0c6c48}> (0x00000000af0c6c48) 
thrown [s\src\hotspot\share\prims\jni.cpp, line 516]
Event: 85.971 Thread 0x0000022ffac984a0 Exception <a 'sun/nio/fs/WindowsException'{0x00000000af0ce100}> (0x00000000af0ce100) 
thrown [s\src\hotspot\share\prims\jni.cpp, line 516]
Event: 85.973 Thread 0x0000022ffac984a0 Exception <a 'sun/nio/fs/WindowsException'{0x00000000af0d54e8}> (0x00000000af0d54e8) 
thrown [s\src\hotspot\share\prims\jni.cpp, line 516]
Event: 85.975 Thread 0x0000022ffac984a0 Exception <a 'sun/nio/fs/WindowsException'{0x00000000af0db620}> (0x00000000af0db620) 
thrown [s\src\hotspot\share\prims\jni.cpp, line 516]
Event: 86.028 Thread 0x0000022ffac984a0 Exception <a 'sun/nio/fs/WindowsException'{0x00000000af0e2920}> (0x00000000af0e2920) 
thrown [s\src\hotspot\share\prims\jni.cpp, line 516]
Event: 86.029 Thread 0x0000022ffac984a0 Exception <a 'sun/nio/fs/WindowsException'{0x00000000af0e9aa8}> (0x00000000af0e9aa8) 
thrown [s\src\hotspot\share\prims\jni.cpp, line 516]
Event: 86.031 Thread 0x0000022ffac984a0 Exception <a 'sun/nio/fs/WindowsException'{0x00000000af0f0b58}> (0x00000000af0f0b58) 
thrown [s\src\hotspot\share\prims\jni.cpp, line 516]
Event: 86.033 Thread 0x0000022ffac984a0 Exception <a 'sun/nio/fs/WindowsException'{0x00000000af0f6bd0}> (0x00000000af0f6bd0) 
thrown [s\src\hotspot\share\prims\jni.cpp, line 516]
Event: 86.035 Thread 0x0000022ffac984a0 Exception <a 'sun/nio/fs/WindowsException'{0x00000000af0fcfa0}> (0x00000000af0fcfa0) 
thrown [s\src\hotspot\share\prims\jni.cpp, line 516]
Event: 86.036 Thread 0x0000022ffac984a0 Exception <a 'sun/nio/fs/WindowsException'{0x00000000c23453a8}> (0x00000000c23453a8) 
thrown [s\src\hotspot\share\prims\jni.cpp, line 516]

VM Operations (20 events):
Event: 85.482 Executing VM operation: ICBufferFull
Event: 85.483 Executing VM operation: ICBufferFull done
Event: 85.507 Executing VM operation: HandshakeAllThreads
Event: 85.507 Executing VM operation: HandshakeAllThreads done
Event: 85.527 Executing VM operation: HandshakeAllThreads
Event: 85.528 Executing VM operation: HandshakeAllThreads done
Event: 85.565 Executing VM operation: HandshakeAllThreads
Event: 85.566 Executing VM operation: HandshakeAllThreads done
Event: 85.673 Executing VM operation: HandshakeAllThreads
Event: 85.674 Executing VM operation: HandshakeAllThreads done
Event: 85.699 Executing VM operation: G1CollectForAllocation
Event: 85.700 Executing VM operation: G1CollectForAllocation done
Event: 85.700 Executing VM operation: G1CollectForAllocation
Event: 85.714 Executing VM operation: G1CollectForAllocation done
Event: 85.900 Executing VM operation: HandshakeAllThreads
Event: 85.901 Executing VM operation: HandshakeAllThreads done
Event: 85.904 Executing VM operation: ICBufferFull
Event: 85.905 Executing VM operation: ICBufferFull done
Event: 85.976 Executing VM operation: G1PauseRemark
Event: 86.026 Executing VM operation: G1PauseRemark done

Memory protections (0 events):
No events

Nmethod flushes (20 events):
Event: 86.030 Thread 0x0000022fed451f60 flushing  nmethod 0x0000022fd985ec90
Event: 86.031 Thread 0x0000022fed451f60 flushing  nmethod 0x0000022fd99c6090
Event: 86.032 Thread 0x0000022fed451f60 flushing  nmethod 0x0000022fd9a03c10
Event: 86.032 Thread 0x0000022fed451f60 flushing  nmethod 0x0000022fd9a08710
Event: 86.032 Thread 0x0000022fed451f60 flushing  nmethod 0x0000022fd9a10910
Event: 86.032 Thread 0x0000022fed451f60 flushing  nmethod 0x0000022fd9a11910
Event: 86.032 Thread 0x0000022fed451f60 flushing  nmethod 0x0000022fd9a28c10
Event: 86.032 Thread 0x0000022fed451f60 flushing  nmethod 0x0000022fd9a2a890
Event: 86.032 Thread 0x0000022fed451f60 flushing  nmethod 0x0000022fd9a3f410
Event: 86.032 Thread 0x0000022fed451f60 flushing  nmethod 0x0000022fd9aa2e10
Event: 86.033 Thread 0x0000022fed451f60 flushing  nmethod 0x0000022fd9b73e90
Event: 86.033 Thread 0x0000022fed451f60 flushing  nmethod 0x0000022fd9baaa10
Event: 86.033 Thread 0x0000022fed451f60 flushing  nmethod 0x0000022fd9bab510
Event: 86.033 Thread 0x0000022fed451f60 flushing  nmethod 0x0000022fd9beec90
Event: 86.034 Thread 0x0000022fed451f60 flushing  nmethod 0x0000022fd9c52110
Event: 86.034 Thread 0x0000022fed451f60 flushing  nmethod 0x0000022fd9c81e90
Event: 86.034 Thread 0x0000022fed451f60 flushing  nmethod 0x0000022fd9c82310
Event: 86.034 Thread 0x0000022fed451f60 flushing  nmethod 0x0000022fd9c84a10
Event: 86.034 Thread 0x0000022fed451f60 flushing  nmethod 0x0000022fd9c85110
Event: 86.034 Thread 0x0000022fed451f60 flushing  nmethod 0x0000022fd9cc0f90

Events (20 events):
Event: 74.944 Thread 0x0000022ff834a900 Thread added: 0x0000022ff944a650
Event: 74.945 Thread 0x0000022ff834a900 Thread added: 0x0000022ff944f240
Event: 74.949 Thread 0x0000022ff834a900 Thread added: 0x0000022ff944ba90
Event: 74.990 Thread 0x0000022ff834a900 Thread added: 0x0000022ff9450680
Event: 75.429 Thread 0x0000022ff834a900 Thread added: 0x0000022ff9453920
Event: 75.429 Thread 0x0000022ff834a900 Thread added: 0x0000022ff9453e30
Event: 75.496 Thread 0x0000022ff9453920 Thread added: 0x0000022ff94515b0
Event: 75.527 Thread 0x0000022ff4bde4d0 Thread added: 0x0000022ff9451fd0
Event: 75.990 Thread 0x0000022ff7d0af30 Thread added: 0x0000022ff9454850
Event: 75.999 Thread 0x0000022ff944f240 Thread exited: 0x0000022ff944f240
Event: 75.999 Thread 0x0000022ff9450680 Thread exited: 0x0000022ff9450680
Event: 76.008 Thread 0x0000022ff834c760 Thread added: 0x0000022ff9450680
Event: 76.622 Thread 0x0000022ff944d8f0 Thread exited: 0x0000022ff944d8f0
Event: 79.818 Thread 0x0000022ff83531b0 Thread added: 0x0000022ff9453410
Event: 79.873 Thread 0x0000022ff83531b0 Thread added: 0x0000022ff9458000
Event: 81.615 Thread 0x0000022ff9454850 Thread exited: 0x0000022ff9454850
Event: 83.125 Thread 0x0000022ff7d06850 Thread added: 0x0000022ff945fe90
Event: 83.149 Thread 0x0000022ff834c760 Thread added: 0x0000022ff94617e0
Event: 83.200 Thread 0x0000022ff9453920 Thread added: 0x0000022ff94612d0
Event: 83.201 Thread 0x0000022ff9453920 Thread added: 0x0000022ff945e540


Dynamic libraries:
0x00007ff60b4a0000 - 0x00007ff60b4ae000 	C:\Program Files\Microsoft\jdk-17.0.20.101-hotspot\bin\java.exe
0x00007ffc347e0000 - 0x00007ffc34a47000 	C:\WINDOWS\SYSTEM32\ntdll.dll
0x00007ffc336f0000 - 0x00007ffc337bb000 	C:\WINDOWS\System32\KERNEL32.DLL
0x00007ffc31a10000 - 0x00007ffc31e11000 	C:\WINDOWS\System32\KERNELBASE.dll
0x00007ffc323a0000 - 0x00007ffc324ec000 	C:\WINDOWS\System32\ucrtbase.dll
0x00007ffc2ada0000 - 0x00007ffc2adb8000 	C:\Program Files\Microsoft\jdk-17.0.20.101-hotspot\bin\jli.dll
0x00007ffc24210000 - 0x00007ffc2422e000 	C:\Program Files\Microsoft\jdk-17.0.20.101-hotspot\bin\VCRUNTIME140.dll
0x00007ffc32500000 - 0x00007ffc326d7000 	C:\WINDOWS\System32\USER32.dll
0x00007ffc319e0000 - 0x00007ffc31a07000 	C:\WINDOWS\System32\win32u.dll
0x00007ffc10fe0000 - 0x00007ffc11270000 	C:\WINDOWS\WinSxS\amd64_microsoft.windows.common-controls_6595b64144ccf1df_6.0.26100.9549_none_3e0a0396e3330090\COMCTL32.dll
0x00007ffc335a0000 - 0x00007ffc335cb000 	C:\WINDOWS\System32\GDI32.dll
0x00007ffc33c40000 - 0x00007ffc33ce9000 	C:\WINDOWS\System32\msvcrt.dll
0x00007ffc32030000 - 0x00007ffc32158000 	C:\WINDOWS\System32\gdi32full.dll
0x00007ffc322f0000 - 0x00007ffc32393000 	C:\WINDOWS\System32\msvcp_win.dll
0x00007ffc33560000 - 0x00007ffc33591000 	C:\WINDOWS\System32\IMM32.DLL
0x00007ffc2ace0000 - 0x00007ffc2acec000 	C:\Program Files\Microsoft\jdk-17.0.20.101-hotspot\bin\vcruntime140_1.dll
0x00007ffbf5790000 - 0x00007ffbf5819000 	C:\Program Files\Microsoft\jdk-17.0.20.101-hotspot\bin\msvcp140.dll
0x00007ffba6880000 - 0x00007ffba74fb000 	C:\Program Files\Microsoft\jdk-17.0.20.101-hotspot\bin\server\jvm.dll
0x00007ffc33630000 - 0x00007ffc336eb000 	C:\WINDOWS\System32\ADVAPI32.dll
0x00007ffc32bc0000 - 0x00007ffc32c68000 	C:\WINDOWS\System32\sechost.dll
0x00007ffc33b20000 - 0x00007ffc33c38000 	C:\WINDOWS\System32\RPCRT4.dll
0x00007ffc34710000 - 0x00007ffc34791000 	C:\WINDOWS\System32\WS2_32.dll
0x00007ffc311f0000 - 0x00007ffc3124e000 	C:\WINDOWS\SYSTEM32\POWRPROF.dll
0x00007ffc25df0000 - 0x00007ffc25dfb000 	C:\WINDOWS\SYSTEM32\VERSION.dll
0x00007ffc1d1b0000 - 0x00007ffc1d1e7000 	C:\WINDOWS\SYSTEM32\WINMM.dll
0x00007ffc311d0000 - 0x00007ffc311e5000 	C:\WINDOWS\SYSTEM32\UMPDC.dll
0x00007ffc30650000 - 0x00007ffc3066b000 	C:\WINDOWS\SYSTEM32\kernel.appcore.dll
0x00007ffc24150000 - 0x00007ffc2415a000 	C:\Program Files\Microsoft\jdk-17.0.20.101-hotspot\bin\jimage.dll
0x00007ffc2ee00000 - 0x00007ffc2f04c000 	C:\WINDOWS\SYSTEM32\DBGHELP.DLL
0x00007ffc32e10000 - 0x00007ffc3319a000 	C:\WINDOWS\System32\combase.dll
0x00007ffc33210000 - 0x00007ffc332e9000 	C:\WINDOWS\System32\OLEAUT32.dll
0x00007ffc0ef20000 - 0x00007ffc0ef5b000 	C:\WINDOWS\SYSTEM32\dbgcore.DLL
0x00007ffc31eb0000 - 0x00007ffc31f5c000 	C:\WINDOWS\System32\bcryptPrimitives.dll
0x00007ffc0dd10000 - 0x00007ffc0dd1f000 	C:\Program Files\Microsoft\jdk-17.0.20.101-hotspot\bin\instrument.dll
0x00007ffbfe000000 - 0x00007ffbfe026000 	C:\Program Files\Microsoft\jdk-17.0.20.101-hotspot\bin\java.dll
0x00007ffbef810000 - 0x00007ffbef8e6000 	C:\Program Files\Microsoft\jdk-17.0.20.101-hotspot\bin\jsvml.dll
0x00007ffc33f60000 - 0x00007ffc346fc000 	C:\WINDOWS\System32\SHELL32.dll
0x00007ffc2f3e0000 - 0x00007ffc2fc8d000 	C:\WINDOWS\SYSTEM32\windows.storage.dll
0x00007ffc33a20000 - 0x00007ffc33b19000 	C:\WINDOWS\System32\SHCORE.dll
0x00007ffc331a0000 - 0x00007ffc33206000 	C:\WINDOWS\System32\shlwapi.dll
0x00007ffc318f0000 - 0x00007ffc31919000 	C:\WINDOWS\SYSTEM32\profapi.dll
0x00007ffbfdec0000 - 0x00007ffbfded8000 	C:\Program Files\Microsoft\jdk-17.0.20.101-hotspot\bin\zip.dll
0x00007ffc121c0000 - 0x00007ffc121db000 	C:\Program Files\Microsoft\jdk-17.0.20.101-hotspot\bin\net.dll
0x00007ffc28060000 - 0x00007ffc2818a000 	C:\WINDOWS\SYSTEM32\WINHTTP.dll
0x00007ffc30c40000 - 0x00007ffc30cac000 	C:\WINDOWS\system32\mswsock.dll
0x00007ffc00d90000 - 0x00007ffc00da6000 	C:\Program Files\Microsoft\jdk-17.0.20.101-hotspot\bin\nio.dll
0x00007ffc24140000 - 0x00007ffc24150000 	C:\Program Files\Microsoft\jdk-17.0.20.101-hotspot\bin\verify.dll
0x00007ffbf7d20000 - 0x00007ffbf7d47000 	C:\Users\aadit\.gradle\native\1def1411415f61bf3af743bc5b6707747c0891f09f0c88961ee8f79bc544acac\windows-amd64\native-platform.dll
0x00007ffbefa40000 - 0x00007ffbefab8000 	C:\Users\aadit\.gradle\native\0.2.7\x86_64-windows-gnu\gradle-fileevents.dll
0x00007ffc23d70000 - 0x00007ffc23d7a000 	C:\Program Files\Microsoft\jdk-17.0.20.101-hotspot\bin\management.dll
0x00007ffc23d40000 - 0x00007ffc23d4c000 	C:\Program Files\Microsoft\jdk-17.0.20.101-hotspot\bin\management_ext.dll
0x00007ffc32d70000 - 0x00007ffc32d78000 	C:\WINDOWS\System32\PSAPI.DLL
0x00007ffc2fff0000 - 0x00007ffc30023000 	C:\WINDOWS\SYSTEM32\IPHLPAPI.DLL
0x00007ffc32c70000 - 0x00007ffc32c7a000 	C:\WINDOWS\System32\NSI.dll
0x00007ffc29660000 - 0x00007ffc2967e000 	C:\WINDOWS\SYSTEM32\dhcpcsvc6.DLL
0x00007ffc28ab0000 - 0x00007ffc28ad5000 	C:\WINDOWS\SYSTEM32\dhcpcsvc.DLL
0x00007ffc30080000 - 0x00007ffc301d8000 	C:\WINDOWS\SYSTEM32\DNSAPI.dll
0x00007ffc30a20000 - 0x00007ffc30a2d000 	C:\WINDOWS\SYSTEM32\DSPARSE.dll
0x00007ffc0def0000 - 0x00007ffc0def9000 	C:\Program Files\Microsoft\jdk-17.0.20.101-hotspot\bin\extnet.dll
0x00007ffc30f50000 - 0x00007ffc30f6b000 	C:\WINDOWS\SYSTEM32\CRYPTSP.dll
0x00007ffc305b0000 - 0x00007ffc305e9000 	C:\WINDOWS\system32\rsaenh.dll
0x00007ffc30cf0000 - 0x00007ffc30d24000 	C:\WINDOWS\SYSTEM32\USERENV.dll
0x00007ffc318c0000 - 0x00007ffc318ea000 	C:\WINDOWS\SYSTEM32\bcrypt.dll
0x00007ffc30f30000 - 0x00007ffc30f3c000 	C:\WINDOWS\SYSTEM32\CRYPTBASE.dll
0x00007ffc0dbe0000 - 0x00007ffc0dbee000 	C:\Program Files\Microsoft\jdk-17.0.20.101-hotspot\bin\sunmscapi.dll
0x00007ffc32160000 - 0x00007ffc322df000 	C:\WINDOWS\System32\CRYPT32.dll
0x00007ffc312b0000 - 0x00007ffc312e0000 	C:\WINDOWS\SYSTEM32\ncrypt.dll
0x00007ffc31260000 - 0x00007ffc3129f000 	C:\WINDOWS\SYSTEM32\NTASN1.dll
0x00007ffbe08b0000 - 0x00007ffbe08b8000 	C:\WINDOWS\system32\wshunix.dll
0x00007ffc30790000 - 0x00007ffc307c6000 	C:\WINDOWS\SYSTEM32\ntmarta.dll
0x00007ffc04ae0000 - 0x00007ffc04ae7000 	C:\Program Files\Microsoft\jdk-17.0.20.101-hotspot\bin\rmi.dll
0x00007ffbd8a10000 - 0x00007ffbd8ba5000 	C:\Program Files\Microsoft\jdk-17.0.20.101-hotspot\bin\awt.dll
0x00007ffc2aeb0000 - 0x00007ffc2af4f000 	C:\WINDOWS\SYSTEM32\apphelp.dll
0x00007ffc2e4d0000 - 0x00007ffc2e577000 	C:\WINDOWS\system32\uxtheme.dll
0x00007ffc333f0000 - 0x00007ffc3354c000 	C:\WINDOWS\System32\MSCTF.dll
0x00007ffc33880000 - 0x00007ffc33a1a000 	C:\WINDOWS\System32\ole32.dll

dbghelp: loaded successfully - version: 4.0.5 - missing functions: none
symbol engine: initialized successfully - sym options: 0x614 - pdb path: .;C:\Program Files\Microsoft\jdk-17.0.20.101-hotspot\bin;C:\WINDOWS\SYSTEM32;C:\WINDOWS\WinSxS\amd64_microsoft.windows.common-controls_6595b64144ccf1df_6.0.26100.9549_none_3e0a0396e3330090;C:\Program Files\Microsoft\jdk-17.0.20.101-hotspot\bin\server;C:\Users\aadit\.gradle\native\1def1411415f61bf3af743bc5b6707747c0891f09f0c88961ee8f79bc544acac\windows-amd64;C:\Users\aadit\.gradle\native\0.2.7\x86_64-windows-gnu

VM Arguments:
jvm_args: --add-opens=java.base/java.lang=ALL-UNNAMED --add-opens=java.base/java.lang.invoke=ALL-UNNAMED --add-opens=java.base/java.util=ALL-UNNAMED --add-opens=java.prefs/java.util.prefs=ALL-UNNAMED --add-exports=jdk.compiler/com.sun.tools.javac.api=ALL-UNNAMED --add-exports=jdk.compiler/com.sun.tools.javac.util=ALL-UNNAMED --add-opens=java.base/java.util=ALL-UNNAMED --add-opens=java.prefs/java.util.prefs=ALL-UNNAMED --add-opens=java.base/java.nio.charset=ALL-UNNAMED --add-opens=java.base/java.net=ALL-UNNAMED --add-opens=java.base/java.util.concurrent.atomic=ALL-UNNAMED --add-opens=java.xml/javax.xml.namespace=ALL-UNNAMED -XX:MaxMetaspaceSize=512m -Xmx2048m -Dfile.encoding=windows-1252 -Duser.country=US -Duser.language=en -Duser.variant -javaagent:C:\Users\aadit\.gradle\wrapper\dists\gradle-8.14.3-bin\cv11ve7ro1n3o1j4so8xd9n66\gradle-8.14.3\lib\agents\gradle-instrumentation-agent-8.14.3.jar 
java_command: org.gradle.launcher.daemon.bootstrap.GradleDaemon 8.14.3
java_class_path (initial): C:\Users\aadit\.gradle\wrapper\dists\gradle-8.14.3-bin\cv11ve7ro1n3o1j4so8xd9n66\gradle-8.14.3\lib\gradle-daemon-main-8.14.3.jar
Launcher Type: SUN_STANDARD

[Global flags]
     intx CICompilerCount                          = 12                                        {product} {ergonomic}
   size_t CompressedClassSpaceSize                 = 436207616                                 {product} {ergonomic}
     uint ConcGCThreads                            = 3                                         {product} {ergonomic}
     uint G1ConcRefinementThreads                  = 13                                        {product} {ergonomic}
   size_t G1HeapRegionSize                         = 1048576                                   {product} {ergonomic}
    uintx GCDrainStackTargetSize                   = 64                                        {product} {ergonomic}
   size_t InitialHeapSize                          = 264241152                                 {product} {ergonomic}
   size_t MarkStackSize                            = 4194304                                   {product} {ergonomic}
   size_t MaxHeapSize                              = 2147483648                                {product} {command line}
   size_t MaxMetaspaceSize                         = 536870912                                 {product} {command line}
   size_t MaxNewSize                               = 1287651328                                {product} {ergonomic}
   size_t MinHeapDeltaBytes                        = 1048576                                   {product} {ergonomic}
   size_t MinHeapSize                              = 8388608                                   {product} {ergonomic}
    uintx NonNMethodCodeHeapSize                   = 7602480                                {pd product} {ergonomic}
    uintx NonProfiledCodeHeapSize                  = 122027880                              {pd product} {ergonomic}
    uintx ProfiledCodeHeapSize                     = 122027880                              {pd product} {ergonomic}
    uintx ReservedCodeCacheSize                    = 251658240                              {pd product} {ergonomic}
     bool SegmentedCodeCache                       = true                                      {product} {ergonomic}
   size_t SoftMaxHeapSize                          = 2147483648                             {manageable} {ergonomic}
     bool UseCompressedClassPointers               = true                           {product lp64_product} {ergonomic}
     bool UseCompressedOops                        = true                           {product lp64_product} {ergonomic}
     bool UseG1GC                                  = true                                      {product} {ergonomic}
     bool UseLargePagesIndividualAllocation        = false                                  {pd product} {ergonomic}

Logging:
Log output configuration:
 #0: stdout all=warning uptime,level,tags
 #1: stderr all=off uptime,level,tags

Environment Variables:
JAVA_HOME=C:\Program Files\Microsoft\jdk-17.0.20.101-hotspot\
PATH=C:\Program Files\Microsoft\jdk-17.0.20.101-hotspot\bin;C:\Python313\Scripts\;C:\Python313\;C:\WINDOWS\system32;C:\WINDOWS;C:\WINDOWS\System32\Wbem;C:\WINDOWS\System32\WindowsPowerShell\v1.0\;C:\WINDOWS\System32\OpenSSH\;C:\ProgramData\chocolatey\bin;C:\Program Files\Git\cmd;C:\Program Files\nodejs\;C:\Users\aadit\AppData\Local\Microsoft\WindowsApps;C:\Users\aadit\AppData\Local\Programs\Microsoft VS Code\bin;C:\Users\aadit\AppData\Local\Programs\mongosh\;C:\MinGW\bin;C:\Users\aadit\AppData\Roaming\npm;C:\Users\aadit\AppData\Local\Programs\cursor\resources\app\bin;C:\Users\aadit\AppData\Local\Programs\Antigravity IDE\bin
USERNAME=aadit
OS=Windows_NT
PROCESSOR_IDENTIFIER=Intel64 Family 6 Model 154 Stepping 3, GenuineIntel
TMP=C:\Users\aadit\AppData\Local\Temp
TEMP=C:\Users\aadit\AppData\Local\Temp



Periodic native trim disabled


---------------  S Y S T E M  ---------------

OS:
 Windows 11 , 64 bit Build 26100 (10.0.26100.9549)
OS uptime: 1 days 7:59 hours
Hyper-V role detected

CPU: total 16 (initial active 16) (8 cores per cpu, 2 threads per core) family 6 model 154 stepping 3 microcode 0x432, cx8, cmov, fxsr, ht, mmx, 3dnowpref, sse, sse2, sse3, ssse3, sse4.1, sse4.2, popcnt, lzcnt, tsc, tscinvbit, avx, avx2, aes, erms, clmul, bmi1, bmi2, adx, sha, fma, vzeroupper, clflush, clflushopt, clwb, hv
Processor Information for processor 0
  Max Mhz: 2300, Current Mhz: 2300, Mhz Limit: 2300
Processor Information for processor 1
  Max Mhz: 2300, Current Mhz: 2300, Mhz Limit: 2300
Processor Information for processor 2
  Max Mhz: 2300, Current Mhz: 2300, Mhz Limit: 2300
Processor Information for processor 3
  Max Mhz: 2300, Current Mhz: 2300, Mhz Limit: 2300
Processor Information for processor 4
  Max Mhz: 2300, Current Mhz: 2300, Mhz Limit: 2300
Processor Information for processor 5
  Max Mhz: 2300, Current Mhz: 2300, Mhz Limit: 2300
Processor Information for processor 6
  Max Mhz: 2300, Current Mhz: 2300, Mhz Limit: 2300
Processor Information for processor 7
  Max Mhz: 2300, Current Mhz: 2300, Mhz Limit: 2300
Processor Information for processor 8
  Max Mhz: 2300, Current Mhz: 2300, Mhz Limit: 2300
Processor Information for processor 9
  Max Mhz: 2300, Current Mhz: 2300, Mhz Limit: 2300
Processor Information for processor 10
  Max Mhz: 2300, Current Mhz: 2300, Mhz Limit: 2300
Processor Information for processor 11
  Max Mhz: 2300, Current Mhz: 2300, Mhz Limit: 2300
Processor Information for processor 12
  Max Mhz: 2300, Current Mhz: 1700, Mhz Limit: 1679
Processor Information for processor 13
  Max Mhz: 2300, Current Mhz: 1700, Mhz Limit: 1679
Processor Information for processor 14
  Max Mhz: 2300, Current Mhz: 1700, Mhz Limit: 1679
Processor Information for processor 15
  Max Mhz: 2300, Current Mhz: 1700, Mhz Limit: 1679

Memory: 4k page, system-wide physical 16051M (551M free)
TotalPageFile size 39447M (AvailPageFile size 58M)
current process WorkingSet (physical memory assigned to process): 1682M, peak: 1682M
current process commit charge ("private bytes"): 1965M, peak: 1965M

vm_info: OpenJDK 64-Bit Server VM (17.0.20.1+1-LTS) for windows-amd64 JRE (17.0.20.1+1-LTS), built on Aug 11 2026 20:17:22 by "MicrosoftCorporation" with MS VC++ 17.14 (VS2022)

END.
